student_id,gender,parental_education,family_income,internet_access,extra_classes,health_status,prev_score,study_hours_per_day,attendance_pct,sleep_hours,final_score,pass_fail
1,Male,Postgraduate,Medium,Yes,Yes,Good,44.0,4.6,76.4,9.4,43.6,Fail
2,Female,Secondary,Medium,Yes,Yes,Good,27.3,6.2,71.0,7.0,35.05,Fail
3,Female,Postgraduate,Low,No,No,Good,74.9,5.5,85.2,7.5,53.94,Pass
4,Female,Graduate,Medium,No,Yes,Excellent,49.6,2.8,70.5,8.6,46.98,Fail
5,Male,Postgraduate,Medium,Yes,No,Excellent,31.7,3.2,70.1,6.8,37.3,Fail
6,Male,Secondary,High,Yes,No,Average,64.2,6.6,86.0,6.2,49.73,Fail
7,Male,Graduate,High,Yes,Yes,Good,73.9,3.8,80.0,8.0,50.22,Pass
8,Female,Secondary,Medium,Yes,Yes,Good,60.2,3.7,79.7,7.1,44.28,Fail
9,Female,Secondary,High,Yes,No,Good,55.1,2.6,82.0,7.2,48.72,Fail
10,Female,Graduate,High,No,No,Good,59.6,5.3,52.0,6.0,39.48,Fail
11,Male,Postgraduate,Low,Yes,No,Poor,56.4,8.6,86.4,4.9,43.07,Fail
12,Female,Postgraduate,Low,Yes,Yes,Good,41.8,2.4,84.2,7.3,40.56,Fail
13,Female,Graduate,Medium,Yes,No,Good,51.3,4.5,59.7,8.1,31.87,Fail
14,Male,Secondary,Medium,Yes,No,Average,69.8,7.3,71.3,6.7,62.11,Pass
15,Male,Secondary,Medium,No,No,Excellent,66.8,4.3,74.4,8.7,42.88,Fail
16,Male,Graduate,Medium,Yes,Yes,Excellent,64.5,5.4,73.0,6.2,48.07,Fail
17,Male,Secondary,Medium,Yes,No,Good,47.1,2.4,80.0,5.7,41.96,Fail
18,Female,Primary,Medium,Yes,No,Average,59.3,5.4,96.5,6.9,50.07,Pass
19,Male,Secondary,Low,Yes,Yes,Good,29.3,4.1,91.2,6.9,37.62,Fail
20,Male,Secondary,High,Yes,No,Average,64.7,6.5,,7.9,51.81,Pass
21,Female,Secondary,Medium,Yes,Yes,Average,83.4,6.9,84.3,6.1,66.75,Pass
22,Male,Secondary,High,Yes,Yes,Good,39.9,9.7,94.9,,53.51,Pass
23,Male,No Education,Low,Yes,Yes,Poor,53.2,5.7,80.8,9.4,52.73,Pass
24,Male,No Education,High,Yes,No,Average,66.9,5.2,91.4,7.0,47.24,Fail
25,Male,Postgraduate,Low,Yes,Yes,Poor,80.8,4.9,100.0,,62.19,Pass
26,Female,Secondary,Low,No,No,Average,55.3,3.8,90.4,5.7,47.48,Fail
27,Male,Secondary,Low,Yes,No,Poor,51.6,,78.7,8.3,45.29,Fail
28,Male,Graduate,Medium,Yes,Yes,Excellent,32.5,3.9,90.7,8.3,47.48,Fail
29,Female,Secondary,High,Yes,No,Average,63.6,4.8,77.2,8.0,47.07,Fail
30,Male,Postgraduate,Medium,Yes,No,Average,92.6,7.1,75.4,7.0,58.76,Pass
31,Female,Graduate,High,No,No,Average,66.2,2.5,69.7,4.0,47.47,Fail
32,Male,Primary,Medium,Yes,No,Excellent,61.7,6.8,98.5,6.2,45.66,Fail
33,Male,Secondary,Medium,Yes,No,Good,66.8,7.1,62.7,6.2,46.75,Fail
34,Female,Postgraduate,High,Yes,Yes,Good,61.8,4.3,98.0,5.8,52.84,Pass
35,Female,Postgraduate,Low,Yes,No,Excellent,49.8,0.3,82.5,7.1,36.3,Fail
36,Female,Secondary,Medium,No,Yes,Good,74.3,3.3,54.0,6.5,49.69,Fail
37,Male,Graduate,High,Yes,No,Good,65.4,7.1,80.5,6.0,47.16,Fail
38,Male,Primary,High,Yes,Yes,Average,62.3,4.5,43.5,5.7,38.23,Fail
39,Female,Postgraduate,High,Yes,No,Good,47.4,2.5,84.4,6.1,44.42,Fail
40,Male,Secondary,High,No,No,Average,81.6,3.5,88.3,,62.21,Pass
41,Male,Postgraduate,Low,Yes,No,Good,72.0,6.2,66.1,6.2,50.27,Pass
42,Male,Graduate,High,No,Yes,Average,53.7,5.6,76.9,6.4,50.33,Pass
43,Male,Graduate,Medium,Yes,Yes,Good,77.0,4.0,100.0,6.5,61.95,Pass
44,Female,Secondary,High,No,No,Poor,54.5,3.8,67.4,7.4,41.5,Fail
45,Male,Secondary,Medium,Yes,No,Average,50.3,3.7,59.1,7.5,32.26,Fail
46,Female,Primary,Medium,No,Yes,Good,50.6,2.7,97.2,4.0,38.74,Fail
47,Male,Secondary,Medium,Yes,No,Excellent,35.4,7.7,100.0,8.2,47.55,Fail
48,Female,Primary,Medium,No,No,Good,69.1,3.9,75.1,8.7,45.03,Fail
49,Female,Graduate,Low,Yes,Yes,Good,34.5,6.9,90.2,5.7,48.44,Fail
50,Male,Secondary,High,Yes,No,Average,43.6,7.5,95.1,5.8,52.07,Pass
51,Female,Primary,High,Yes,No,Average,30.9,6.5,63.9,6.5,33.78,Fail
52,Female,Postgraduate,Low,Yes,No,Poor,60.7,3.6,67.7,6.1,38.08,Fail
53,Female,Postgraduate,High,Yes,Yes,Average,59.7,5.3,93.5,7.3,55.05,Pass
54,Female,Postgraduate,Medium,No,No,Average,57.1,4.5,100.0,4.7,46.33,Fail
55,Female,Postgraduate,Medium,No,No,Average,46.4,2.7,83.4,5.7,37.93,Fail
56,Female,Primary,Low,Yes,Yes,Good,44.4,5.1,61.8,8.8,32.71,Fail
57,Male,Secondary,High,No,No,Poor,69.0,2.1,100.0,5.9,51.72,Pass
58,Male,Graduate,Medium,Yes,No,Good,53.7,6.9,67.0,8.5,50.48,Pass
59,Male,Graduate,Medium,Yes,No,Good,66.7,3.6,70.0,7.4,46.6,Fail
60,Male,Primary,Medium,Yes,Yes,Good,48.7,4.9,80.1,4.8,41.45,Fail
61,Male,Graduate,Low,Yes,No,Good,64.7,,98.3,7.8,46.09,Fail
62,Male,Secondary,Medium,No,No,Average,81.5,4.0,87.8,6.9,58.37,Pass
63,Female,Secondary,Low,Yes,Yes,Average,70.8,5.7,81.2,6.5,48.65,Fail
64,Male,Secondary,Low,Yes,Yes,Good,55.8,3.6,81.9,7.3,46.11,Fail
65,Male,Graduate,Medium,Yes,No,Excellent,65.9,6.2,75.7,7.6,48.75,Fail
66,Female,Graduate,High,Yes,No,Average,58.4,1.8,83.4,7.8,49.49,Fail
67,Male,Primary,Medium,Yes,Yes,Average,62.1,4.8,37.1,8.4,36.57,Fail
68,Female,Postgraduate,Low,No,No,Excellent,57.1,8.4,70.6,7.5,47.79,Fail
69,Male,Secondary,Medium,No,Yes,Good,59.5,2.5,78.6,5.3,47.0,Fail
70,Female,Primary,High,No,No,Good,65.2,3.1,57.7,6.4,51.94,Pass
71,Female,Postgraduate,Medium,Yes,No,Good,47.1,5.5,80.8,10.0,49.21,Fail
72,Male,Postgraduate,High,Yes,No,Average,46.8,4.9,71.9,7.9,41.42,Fail
73,Male,Postgraduate,Medium,Yes,Yes,Good,,5.2,100.0,9.8,54.82,Pass
74,Female,Graduate,High,Yes,No,Good,38.0,5.5,98.6,8.7,43.19,Fail
75,Female,Graduate,Low,Yes,Yes,Average,43.7,5.8,68.0,7.3,35.52,Fail
76,Female,Graduate,Medium,No,Yes,Good,64.4,6.7,72.7,7.4,46.65,Fail
77,Female,Primary,Medium,Yes,No,Excellent,48.6,5.3,73.9,7.0,38.45,Fail
78,Male,Secondary,Medium,Yes,No,Good,69.7,4.0,68.2,4.9,50.49,Pass
79,Male,Secondary,High,Yes,Yes,Average,62.5,5.8,77.9,7.0,43.92,Fail
80,Male,Secondary,High,Yes,No,Good,32.5,8.3,63.6,8.5,44.2,Fail
81,Female,Graduate,Low,Yes,No,Good,71.8,4.2,58.0,,49.59,Fail
82,Female,Secondary,Low,No,Yes,Excellent,74.2,,84.3,7.5,53.22,Pass
83,Male,Primary,Medium,Yes,No,Good,47.1,6.7,84.4,8.0,45.67,Fail
84,Male,Secondary,Low,No,No,Average,68.3,4.3,62.9,,42.09,Fail
85,Male,Graduate,Medium,Yes,No,Good,49.2,0.2,88.4,6.5,43.05,Fail
86,Male,Primary,High,Yes,No,Good,63.5,6.2,65.5,5.8,51.8,Pass
87,Female,Postgraduate,High,Yes,No,Poor,43.0,3.4,78.8,6.0,37.09,Fail
88,Female,Secondary,Medium,No,Yes,Good,35.1,4.3,87.3,5.5,32.34,Fail
89,Female,Secondary,High,No,No,Good,56.3,5.2,74.5,5.9,48.51,Fail
90,Male,Graduate,Medium,Yes,No,Good,60.1,4.9,81.8,8.7,50.19,Pass
91,Male,Graduate,Low,Yes,Yes,Average,56.0,5.9,67.3,5.9,38.89,Fail
92,Female,Secondary,Medium,Yes,No,Good,44.2,3.6,72.1,7.2,35.21,Fail
93,Female,Graduate,Medium,Yes,No,Excellent,56.0,5.5,71.9,6.4,41.11,Fail
94,Female,Graduate,Medium,No,No,Excellent,,4.0,63.8,8.4,39.86,Fail
95,Female,Secondary,Low,Yes,Yes,Excellent,61.3,6.0,72.3,8.6,45.98,Fail
96,Male,Postgraduate,Medium,Yes,Yes,Excellent,64.7,5.7,51.8,8.0,43.01,Fail
97,Female,Graduate,Medium,Yes,No,Poor,51.9,2.6,67.6,7.4,36.29,Fail
98,Male,Graduate,High,Yes,Yes,Good,79.6,6.7,70.7,6.7,51.12,Pass
99,Male,Postgraduate,Medium,Yes,No,Good,44.4,3.4,71.2,5.6,38.18,Fail
100,Male,Postgraduate,High,Yes,Yes,Excellent,69.3,6.1,71.4,9.3,52.27,Pass
101,Male,Graduate,High,No,Yes,Average,79.7,5.2,74.1,6.1,52.07,Pass
102,Female,Graduate,Low,No,Yes,Excellent,69.2,8.2,82.2,7.8,60.73,Pass
103,Male,Graduate,Medium,Yes,Yes,Good,59.0,4.1,88.1,8.3,51.82,Pass
104,Male,Graduate,High,No,No,Excellent,54.1,3.8,65.3,6.3,33.12,Fail
105,Female,Graduate,Medium,Yes,No,Average,77.5,4.5,57.0,8.2,50.52,Pass
106,Male,Graduate,High,Yes,Yes,Average,40.7,3.9,59.4,7.9,38.55,Fail
107,Male,Primary,Low,Yes,Yes,Good,47.4,6.1,67.7,9.1,38.96,Fail
108,Female,Postgraduate,Low,Yes,No,Poor,56.0,1.3,69.7,6.4,32.95,Fail
109,Male,Postgraduate,High,Yes,Yes,Excellent,80.6,2.4,63.5,5.5,49.76,Fail
110,Male,No Education,High,Yes,No,Poor,67.7,2.4,55.6,6.4,40.82,Fail
111,Male,Graduate,High,Yes,No,Good,47.5,6.4,68.2,7.3,36.83,Fail
112,Male,Primary,Medium,No,No,Good,57.3,7.9,77.7,7.1,41.0,Fail
113,Female,Secondary,High,Yes,No,Good,52.8,4.3,,6.5,43.05,Fail
114,Female,Graduate,High,Yes,No,Good,,4.2,66.6,4.7,43.74,Fail
115,Female,Primary,High,Yes,No,Good,76.7,4.6,68.8,7.6,48.12,Fail
116,Female,Graduate,Medium,Yes,Yes,Average,41.4,6.8,61.1,9.4,38.5,Fail
117,Female,Graduate,Medium,Yes,Yes,Poor,86.1,2.6,74.5,7.6,48.05,Fail
118,Male,Secondary,High,No,Yes,Good,74.4,5.0,62.3,7.7,46.22,Fail
119,Female,No Education,Medium,Yes,No,Good,78.4,6.5,83.6,7.7,58.49,Pass
120,Female,Secondary,Medium,Yes,No,Good,55.1,5.5,48.2,7.5,36.87,Fail
121,Female,Graduate,Medium,Yes,No,Good,59.8,4.9,69.6,8.1,37.05,Fail
122,Female,Postgraduate,Medium,Yes,Yes,Good,40.5,6.5,79.5,7.5,41.09,Fail
123,Male,Graduate,Medium,Yes,No,Good,54.1,0.0,77.8,6.6,35.21,Fail
124,Male,Secondary,Low,Yes,Yes,Poor,,5.9,100.0,6.0,55.56,Pass
125,Male,Graduate,High,Yes,Yes,Good,81.4,3.2,80.2,6.7,56.01,Pass
126,Male,Secondary,Medium,Yes,Yes,Excellent,45.4,0.8,59.9,7.4,25.62,Fail
127,Female,Graduate,Medium,Yes,Yes,Excellent,56.5,5.5,73.6,6.6,50.12,Pass
128,Female,Primary,Low,No,No,Average,59.7,7.2,48.4,,35.18,Fail
129,Male,Graduate,Low,Yes,Yes,Good,41.1,4.2,73.8,7.5,47.15,Fail
130,Male,Secondary,Low,No,No,Excellent,70.9,6.4,62.5,8.0,47.85,Fail
131,Male,Postgraduate,Medium,No,No,Good,51.1,7.7,88.7,8.5,43.61,Fail
132,Male,Secondary,Low,Yes,No,Poor,59.1,7.1,66.8,7.1,40.08,Fail
133,Male,Graduate,High,Yes,No,Poor,55.2,7.8,73.2,5.4,49.22,Fail
134,Male,Postgraduate,Low,Yes,Yes,Good,50.2,6.0,65.5,6.6,40.71,Fail
135,Female,Primary,Low,Yes,No,Excellent,61.9,4.7,100.0,7.1,52.23,Pass
136,Male,Postgraduate,Low,Yes,No,Good,58.8,1.3,70.2,4.8,49.89,Fail
137,Male,Graduate,Low,No,Yes,Poor,56.4,4.0,100.0,8.7,46.76,Fail
138,Female,Primary,High,No,No,Average,51.1,2.8,87.2,7.2,43.69,Fail
139,Male,Secondary,High,Yes,Yes,Good,66.8,8.8,82.2,,62.11,Pass
140,Female,Graduate,Medium,Yes,Yes,Excellent,86.8,4.1,80.5,8.6,58.61,Pass
141,Female,Primary,Low,Yes,No,Good,64.1,4.7,80.9,6.2,40.53,Fail
142,Male,Graduate,Low,No,No,Good,76.9,5.6,46.1,,48.07,Fail
143,Male,Secondary,Medium,Yes,Yes,Poor,41.1,4.6,70.8,6.9,32.67,Fail
144,Male,Graduate,High,Yes,No,Excellent,64.4,7.9,87.7,6.8,61.91,Pass
145,Male,No Education,Low,Yes,No,Excellent,45.5,3.3,74.3,6.1,34.64,Fail
146,Male,Postgraduate,Medium,Yes,No,Average,39.8,4.9,53.9,9.0,49.58,Fail
147,Female,Postgraduate,Medium,No,Yes,Good,50.9,3.0,74.2,6.5,49.1,Fail
148,Male,Postgraduate,Low,Yes,No,Average,79.9,1.9,100.0,7.8,53.13,Pass
149,Male,Graduate,Medium,Yes,Yes,Poor,76.3,3.3,,4.7,51.06,Pass
150,Male,Primary,Low,No,No,Average,65.6,4.4,74.1,8.4,50.2,Pass
151,Female,Graduate,High,Yes,Yes,Average,39.0,3.6,89.3,8.3,46.02,Fail
152,Male,No Education,Low,Yes,Yes,Good,59.1,3.1,69.5,7.1,44.49,Fail
153,Male,No Education,Medium,Yes,No,Good,66.5,1.7,49.4,6.7,44.57,Fail
154,Male,Secondary,Low,Yes,Yes,Good,64.6,4.3,61.1,7.5,43.49,Fail
155,Female,Secondary,High,Yes,Yes,Good,34.3,1.5,98.4,9.7,38.55,Fail
156,Male,Graduate,Low,Yes,Yes,Average,48.6,6.0,70.9,4.9,41.17,Fail
157,Female,Graduate,High,Yes,No,Poor,61.0,4.7,71.3,7.9,50.23,Pass
158,Female,Secondary,High,Yes,Yes,Good,70.0,1.6,70.5,5.9,47.83,Fail
159,Male,Secondary,High,No,No,Good,29.1,,100.0,7.0,42.6,Fail
160,Female,Postgraduate,Medium,No,Yes,Average,59.6,3.0,99.4,6.7,54.94,Pass
161,Male,Secondary,Medium,Yes,Yes,Excellent,64.1,5.1,100.0,,44.53,Fail
162,Female,Secondary,Medium,Yes,Yes,Good,74.7,7.2,72.6,7.0,55.15,Pass
163,Female,Primary,Low,Yes,No,Excellent,72.4,0.7,79.4,5.6,48.33,Fail
164,Female,Graduate,Medium,Yes,Yes,Good,70.7,4.7,52.3,8.2,53.36,Pass
165,Male,Graduate,Low,No,Yes,Average,50.0,4.2,97.2,4.8,40.03,Fail
166,Female,Secondary,High,Yes,No,Good,33.4,5.8,57.5,7.6,41.61,Fail
167,Male,Primary,Low,Yes,No,Average,56.1,4.9,78.3,6.6,45.54,Fail
168,Male,Graduate,Medium,Yes,Yes,Good,77.0,3.0,58.5,5.6,49.52,Fail
169,Male,Graduate,Medium,Yes,Yes,Poor,82.9,3.9,66.2,7.2,60.04,Pass
170,Female,Secondary,Medium,Yes,No,Excellent,72.7,2.9,62.4,5.1,48.68,Fail
171,Female,Postgraduate,Medium,Yes,Yes,Average,68.4,6.7,65.9,,51.87,Pass
172,Male,Primary,Low,No,Yes,Excellent,67.7,4.5,66.9,5.3,47.3,Fail
173,Male,Secondary,Medium,No,No,Excellent,53.7,8.3,66.8,7.6,42.81,Fail
174,Male,Postgraduate,Low,Yes,No,Good,60.0,4.4,87.5,5.9,49.53,Fail
175,Female,Secondary,High,Yes,No,Good,87.0,3.1,58.4,6.5,46.53,Fail
176,Male,Graduate,High,No,Yes,Good,47.9,1.5,78.3,7.4,39.8,Fail
177,Female,Secondary,High,Yes,Yes,Excellent,86.2,0.9,,6.1,40.57,Fail
178,Male,Secondary,Low,Yes,No,Good,57.2,1.3,67.3,6.9,41.89,Fail
179,Female,Postgraduate,Low,Yes,Yes,Excellent,81.9,5.0,64.2,5.2,51.98,Pass
180,Male,Secondary,Low,No,No,Good,40.9,5.5,71.5,7.8,37.11,Fail
181,Male,Postgraduate,Low,Yes,No,Excellent,70.8,,92.7,9.1,56.1,Pass
182,Male,Secondary,Low,Yes,Yes,Good,50.9,,77.9,10.0,36.54,Fail
183,Female,Secondary,Medium,No,No,Good,40.8,,67.0,7.1,46.46,Fail
184,Female,No Education,Low,No,No,Excellent,65.3,4.8,82.3,7.9,48.17,Fail
185,Male,Graduate,Medium,No,No,Excellent,77.1,7.7,58.5,4.9,50.41,Pass
186,Female,Secondary,High,Yes,Yes,Good,49.3,6.3,85.2,8.8,42.31,Fail
187,Female,Postgraduate,Medium,Yes,Yes,Average,39.5,4.0,81.1,7.9,40.97,Fail
188,Female,Secondary,Medium,No,No,Good,60.6,2.7,70.4,6.4,49.72,Fail
189,Female,Postgraduate,Medium,No,Yes,Excellent,60.7,0.2,62.4,8.5,44.77,Fail
190,Male,Primary,Medium,Yes,No,Good,70.2,3.1,,6.7,52.07,Pass
191,Male,Postgraduate,Low,Yes,Yes,Excellent,76.2,4.1,83.0,6.5,57.12,Pass
192,Female,Graduate,Medium,No,No,Poor,61.1,2.5,93.4,7.6,46.82,Fail
193,Female,Graduate,Medium,No,Yes,Good,89.8,4.2,65.4,5.7,46.73,Fail
194,Female,Graduate,High,Yes,No,Good,65.4,4.7,81.9,8.2,49.42,Fail
195,Male,Graduate,High,Yes,Yes,Excellent,56.8,4.1,43.7,5.7,36.56,Fail
196,Male,Graduate,Medium,Yes,Yes,Poor,37.8,3.2,66.2,5.7,40.42,Fail
197,Female,Primary,Medium,Yes,Yes,Excellent,58.1,4.8,74.5,5.9,47.16,Fail
198,Female,No Education,Low,Yes,No,Good,57.0,5.4,61.4,7.9,49.56,Fail
199,Female,Postgraduate,High,Yes,Yes,Average,76.4,2.3,61.0,6.3,53.21,Pass
200,Female,Graduate,Medium,Yes,No,Average,,7.3,65.0,5.4,45.0,Fail
201,Female,Graduate,Low,Yes,No,Average,44.3,4.3,79.4,6.3,32.53,Fail
202,Male,Secondary,Low,Yes,Yes,Good,64.6,4.5,72.2,7.0,54.01,Pass
203,Male,Primary,Low,No,No,Poor,72.1,5.9,41.4,5.6,48.68,Fail
204,Female,Primary,High,Yes,Yes,Average,84.9,,43.2,5.6,39.91,Fail
205,Female,Graduate,Low,Yes,No,Excellent,75.3,6.4,65.9,9.5,58.93,Pass
206,Male,Secondary,Medium,No,No,Average,73.4,5.1,81.9,6.0,54.31,Pass
207,Male,Secondary,Medium,Yes,Yes,Average,62.9,3.3,33.8,6.6,36.52,Fail
208,Female,Secondary,Medium,No,Yes,Good,67.8,5.2,67.5,6.6,55.48,Pass
209,Male,Primary,High,No,Yes,Good,80.7,2.2,67.1,,55.32,Pass
210,Male,Graduate,High,Yes,No,Good,42.0,4.7,95.8,7.7,48.97,Fail
211,Female,Secondary,Medium,No,Yes,Good,56.8,4.4,69.2,8.1,45.55,Fail
212,Female,Graduate,Low,Yes,No,Excellent,50.4,4.1,80.7,6.6,47.15,Fail
213,Female,Secondary,Medium,Yes,Yes,Good,67.7,4.2,77.1,5.5,47.27,Fail
214,Male,Secondary,Medium,Yes,No,Average,80.5,0.7,43.0,8.5,40.98,Fail
215,Female,No Education,Medium,Yes,Yes,Average,53.0,3.4,86.5,6.9,40.21,Fail
216,Male,Primary,Medium,No,No,Good,26.1,4.7,78.2,9.1,32.6,Fail
217,Male,Secondary,Low,Yes,No,Good,55.8,4.8,82.6,4.3,44.75,Fail
218,Female,Secondary,Medium,Yes,No,Good,75.7,2.4,100.0,7.2,52.5,Pass
219,Female,Graduate,Low,Yes,Yes,Good,70.1,7.0,43.7,9.3,45.46,Fail
220,Female,Secondary,High,Yes,Yes,Good,68.4,2.8,100.0,6.6,52.4,Pass
221,Female,Graduate,Medium,Yes,Yes,Average,57.8,6.4,70.7,6.7,49.17,Fail
222,Female,Postgraduate,Medium,Yes,No,Average,42.8,5.4,79.3,7.4,34.52,Fail
223,Male,Graduate,Low,No,Yes,Good,69.7,3.2,74.3,6.3,47.42,Fail
224,Male,No Education,Medium,Yes,No,Good,49.5,8.1,68.6,6.6,44.21,Fail
225,Male,Secondary,Medium,No,Yes,Good,94.8,2.1,66.5,6.6,51.95,Pass
226,Male,Primary,Low,Yes,No,Average,70.6,6.3,79.9,6.2,51.17,Pass
227,Female,Secondary,High,No,No,Good,53.3,6.5,52.2,8.5,31.74,Fail
228,Male,Postgraduate,Medium,Yes,No,Excellent,52.8,3.2,86.3,7.6,47.77,Fail
229,Female,Primary,Medium,Yes,Yes,Average,60.6,7.3,68.8,7.3,50.5,Pass
230,Female,Secondary,Medium,Yes,Yes,Good,58.4,4.0,58.0,8.0,43.51,Fail
231,Female,Graduate,Medium,No,Yes,Excellent,78.8,5.1,68.2,6.7,57.07,Pass
232,Male,Graduate,Medium,Yes,Yes,Good,64.8,5.0,93.9,6.1,54.66,Pass
233,Female,Graduate,Medium,No,No,Good,51.0,4.2,67.0,6.3,42.87,Fail
234,Male,No Education,Medium,Yes,No,Average,90.4,6.1,80.4,7.0,59.45,Pass
235,Male,Secondary,Medium,Yes,No,Good,62.7,6.1,64.0,5.7,49.26,Fail
236,Female,Secondary,Low,Yes,Yes,Average,73.5,1.0,86.4,6.4,42.21,Fail
237,Male,Primary,Low,No,No,Excellent,52.9,7.1,85.3,,43.32,Fail
238,Male,Secondary,Low,Yes,No,Good,67.4,1.2,100.0,9.5,59.32,Pass
239,Female,No Education,Medium,No,No,Excellent,66.7,6.6,72.4,4.0,36.37,Fail
240,Male,Primary,Medium,No,Yes,Good,33.7,6.8,85.0,6.8,40.34,Fail
241,Female,Secondary,High,Yes,No,Good,92.2,2.3,76.5,9.1,61.52,Pass
242,Female,Primary,Low,Yes,No,Good,81.4,3.7,94.4,7.1,56.52,Pass
243,Female,Graduate,High,No,No,Excellent,56.0,2.3,64.2,7.9,37.93,Fail
244,Male,Graduate,Medium,Yes,No,Excellent,45.5,4.1,86.2,7.1,44.55,Fail
245,Male,Graduate,High,No,Yes,Good,67.2,3.9,72.1,6.2,45.86,Fail
246,Female,Secondary,Medium,Yes,Yes,Excellent,63.3,6.1,74.0,4.3,49.16,Fail
247,Male,Primary,Medium,Yes,No,Good,67.3,7.1,76.4,7.2,47.72,Fail
248,Female,Primary,Low,No,No,Good,64.9,7.3,78.8,6.1,55.96,Pass
249,Female,Graduate,Low,Yes,Yes,Good,69.6,3.4,73.3,6.0,55.52,Pass
250,Female,Graduate,Low,Yes,No,Average,83.7,4.1,78.2,6.4,54.13,Pass
251,Male,No Education,Medium,Yes,No,Poor,70.5,1.1,98.7,9.1,44.2,Fail
252,Male,Postgraduate,Medium,Yes,No,Average,46.3,2.9,89.8,9.9,41.37,Fail
253,Female,Primary,High,Yes,Yes,Good,82.4,,88.0,7.3,56.3,Pass
254,Male,Secondary,Medium,No,No,Good,86.6,7.7,68.2,6.4,58.87,Pass
255,Male,Graduate,High,Yes,No,Good,100.0,2.0,61.7,5.6,49.74,Fail
256,Female,Postgraduate,Low,Yes,No,Excellent,45.1,3.3,89.3,7.6,40.11,Fail
257,Female,Graduate,Low,Yes,No,Good,65.6,4.4,88.1,9.1,53.94,Pass
258,Female,Graduate,Medium,Yes,No,Good,30.8,5.1,97.1,6.7,47.03,Fail
259,Female,Secondary,Medium,Yes,No,Average,70.3,2.9,65.9,4.1,42.5,Fail
260,Male,Graduate,Medium,No,Yes,Poor,53.8,5.3,71.6,7.8,37.06,Fail
261,Female,Primary,High,No,No,Good,90.9,3.6,50.4,8.2,65.5,Pass
262,Female,Postgraduate,Low,Yes,No,Good,50.4,4.5,,5.1,47.21,Fail
263,Male,Secondary,Medium,Yes,Yes,Good,36.7,5.6,89.9,7.2,41.68,Fail
264,Male,Graduate,High,Yes,No,Average,54.9,4.5,68.0,7.5,47.27,Fail
265,Female,Secondary,Low,Yes,No,Good,32.4,3.6,,6.9,34.67,Fail
266,Female,Graduate,High,Yes,No,Average,73.3,4.3,72.1,6.1,54.53,Pass
267,Female,Secondary,High,Yes,Yes,Average,31.0,4.3,79.9,8.2,38.05,Fail
268,Female,Graduate,Low,Yes,No,Poor,62.4,3.8,57.8,6.5,42.25,Fail
269,Male,Primary,Low,Yes,Yes,Average,30.8,4.0,76.3,5.2,34.66,Fail
270,Male,Primary,Medium,Yes,Yes,Average,57.2,7.7,30.1,4.5,29.56,Fail
271,Female,Secondary,High,No,No,Average,86.7,5.6,72.2,8.5,65.0,Pass
272,Female,Primary,Medium,Yes,Yes,Excellent,67.4,3.9,50.5,7.7,37.26,Fail
273,Female,Postgraduate,Medium,Yes,No,Average,49.0,5.9,93.1,7.1,41.95,Fail
274,Female,Secondary,High,Yes,Yes,Average,61.5,,86.7,6.5,48.77,Fail
275,Male,Postgraduate,Low,Yes,Yes,Average,62.3,6.8,82.0,6.4,46.87,Fail
276,Male,Secondary,High,Yes,Yes,Good,69.1,5.2,97.8,5.7,55.86,Pass
277,Female,Primary,Medium,Yes,No,Poor,41.5,4.3,60.8,6.5,38.54,Fail
278,Female,Graduate,Medium,Yes,No,Excellent,70.9,5.4,100.0,4.5,62.52,Pass
279,Female,Graduate,High,Yes,No,Excellent,21.4,1.4,89.0,6.1,37.72,Fail
280,Female,Secondary,Medium,No,Yes,Average,52.6,,71.5,6.6,40.71,Fail
281,Female,Graduate,Low,Yes,Yes,Good,54.7,2.1,92.0,7.7,46.81,Fail
282,Male,Graduate,Medium,Yes,No,Poor,71.5,4.8,58.4,7.0,48.34,Fail
283,Male,Secondary,Medium,Yes,Yes,Good,62.3,8.0,62.6,8.0,38.77,Fail
284,Male,Postgraduate,Low,Yes,Yes,Good,40.9,9.0,65.9,8.6,45.36,Fail
285,Female,Postgraduate,High,Yes,No,Average,47.2,5.8,67.1,8.3,34.42,Fail
286,Male,Graduate,Low,Yes,Yes,Average,65.0,5.5,59.2,7.6,55.42,Pass
287,Male,Primary,Medium,Yes,No,Good,60.8,0.9,93.3,7.0,44.86,Fail
288,Female,Graduate,Medium,No,No,Good,53.3,3.4,71.1,5.8,40.59,Fail
289,Male,Primary,Low,Yes,Yes,Average,54.8,2.9,80.3,7.9,39.68,Fail
290,Female,No Education,High,Yes,Yes,Good,72.4,3.3,66.4,9.0,43.57,Fail
291,Male,Secondary,High,Yes,Yes,Good,,4.2,47.7,7.4,51.48,Pass
292,Male,Secondary,Medium,No,No,Excellent,60.7,3.6,79.1,9.3,50.75,Pass
293,Female,Postgraduate,Low,Yes,No,Average,94.5,0.5,46.3,5.2,39.65,Fail
294,Male,Graduate,Low,Yes,Yes,Excellent,40.6,6.0,74.0,5.6,48.7,Fail
295,Male,Graduate,Medium,Yes,Yes,Good,34.2,2.4,54.5,,36.46,Fail
296,Female,Secondary,Low,Yes,No,Average,73.8,,100.0,7.3,55.37,Pass
297,Female,Secondary,Medium,Yes,No,Good,51.8,8.6,88.7,8.6,52.22,Pass
298,Male,Secondary,High,Yes,Yes,Good,57.2,2.7,76.6,7.0,44.08,Fail
299,Female,Postgraduate,Medium,No,Yes,Excellent,,0.0,94.0,6.0,57.61,Pass
300,Male,No Education,High,No,Yes,Average,58.1,3.9,62.3,6.7,36.66,Fail
301,Male,Postgraduate,Medium,Yes,No,Good,86.0,6.7,83.2,5.2,60.91,Pass
302,Female,Graduate,Medium,Yes,No,Good,74.0,8.4,78.0,5.6,53.84,Pass
303,Female,Secondary,High,No,Yes,Excellent,74.9,2.0,79.0,8.2,42.73,Fail
304,Female,Graduate,Medium,Yes,No,Average,40.8,5.5,94.1,,56.29,Pass
305,Female,Secondary,High,Yes,Yes,Excellent,44.7,3.6,,7.4,34.52,Fail
306,Female,Postgraduate,Low,Yes,Yes,Excellent,20.0,4.3,79.3,4.9,35.1,Fail
307,Male,Postgraduate,Low,Yes,Yes,Average,49.9,9.8,50.2,6.6,33.68,Fail
308,Male,Secondary,High,Yes,No,Excellent,76.4,1.5,60.6,5.5,43.5,Fail
309,Female,Secondary,Medium,Yes,No,Excellent,69.8,5.0,73.2,8.4,51.77,Pass
310,Male,Graduate,High,Yes,No,Average,58.7,5.4,76.4,6.3,43.13,Fail
311,Male,Postgraduate,High,Yes,Yes,Good,61.7,6.7,58.0,5.7,48.81,Fail
312,Male,Secondary,Low,Yes,Yes,Good,51.7,4.7,100.0,7.0,48.37,Fail
313,Male,Graduate,Medium,Yes,Yes,Average,65.1,5.1,97.7,6.2,60.46,Pass
314,Female,Graduate,Medium,No,No,Poor,73.5,3.7,84.0,8.8,58.61,Pass
315,Female,Graduate,Medium,Yes,Yes,Average,37.8,5.0,76.1,6.1,36.67,Fail
316,Female,Primary,High,Yes,No,Average,66.5,3.8,71.8,5.3,46.82,Fail
317,Male,Graduate,Low,No,Yes,Good,76.0,5.7,60.7,4.4,50.21,Pass
318,Male,Postgraduate,Medium,No,Yes,Average,55.8,3.8,76.2,7.0,47.73,Fail
319,Male,Primary,Medium,Yes,No,Excellent,72.5,5.3,78.9,6.3,52.0,Pass
320,Male,Secondary,Low,Yes,Yes,Good,100.0,4.4,56.4,5.3,56.37,Pass
321,Female,Postgraduate,High,No,Yes,Average,60.4,6.8,80.0,8.4,49.15,Fail
322,Female,Primary,Medium,No,Yes,Good,67.9,,72.7,7.8,48.22,Fail
323,Female,Postgraduate,High,No,No,Good,50.9,1.0,,,46.31,Fail
324,Male,Secondary,Medium,No,No,Excellent,64.7,7.0,,8.6,53.06,Pass
325,Female,Secondary,Low,Yes,Yes,Poor,68.9,2.7,68.8,7.8,49.14,Fail
326,Female,Postgraduate,Medium,Yes,No,Average,64.9,3.2,100.0,6.0,56.96,Pass
327,Female,Secondary,Low,Yes,Yes,Excellent,46.7,3.3,83.3,5.8,41.77,Fail
328,Female,Secondary,High,Yes,Yes,Excellent,65.1,7.2,55.0,8.0,47.76,Fail
329,Male,Secondary,Low,Yes,Yes,Good,83.9,0.2,82.3,,46.63,Fail
330,Male,Graduate,High,Yes,No,Good,,10.8,51.8,7.2,54.15,Pass
331,Male,Primary,Medium,Yes,Yes,Average,76.4,6.6,91.2,6.0,43.78,Fail
332,Female,Secondary,Medium,No,Yes,Good,58.4,4.9,67.9,7.7,43.48,Fail
333,Male,Postgraduate,Low,Yes,Yes,Average,73.2,4.4,73.6,6.1,56.69,Pass
334,Male,Secondary,Medium,Yes,Yes,Average,66.2,5.1,94.9,6.9,47.13,Fail
335,Male,Graduate,Medium,Yes,No,Excellent,47.7,5.5,55.7,8.7,40.45,Fail
336,Male,Secondary,Low,Yes,Yes,Average,66.8,5.8,54.0,,41.05,Fail
337,Female,Graduate,High,No,Yes,Good,47.1,5.6,66.2,5.1,38.97,Fail
338,Female,Primary,Medium,Yes,No,Excellent,52.5,4.7,90.6,5.7,51.98,Pass
339,Male,Postgraduate,Medium,No,Yes,Average,64.8,,52.2,,43.47,Fail
340,Male,Secondary,Medium,Yes,No,Excellent,,,,7.3,36.71,Fail
341,Male,Secondary,Low,Yes,No,Excellent,44.2,4.1,68.2,6.8,33.49,Fail
342,Male,Primary,High,Yes,Yes,Good,77.8,6.8,83.3,6.4,61.61,Pass
343,Male,Primary,Medium,Yes,No,Average,70.6,5.7,93.0,7.6,57.13,Pass
344,Male,Secondary,Low,No,Yes,Average,51.4,0.0,68.1,6.0,45.03,Fail
345,Male,Secondary,Medium,Yes,No,Good,38.9,5.8,68.8,7.4,46.81,Fail
346,Female,Graduate,Medium,No,Yes,Average,59.8,4.9,92.3,6.1,49.04,Fail
347,Female,Secondary,Medium,Yes,Yes,Average,55.3,4.5,47.0,5.9,50.07,Pass
348,Male,Secondary,Medium,No,No,Excellent,63.7,3.7,69.2,6.2,44.85,Fail
349,Male,Graduate,Low,Yes,No,Average,56.6,6.7,77.9,6.5,43.02,Fail
350,Female,Graduate,Low,No,No,Good,31.9,6.4,,6.9,34.65,Fail
351,Male,Primary,High,Yes,No,Poor,56.2,3.0,67.4,7.3,29.5,Fail
352,Female,Primary,Low,Yes,Yes,Good,57.4,5.3,,4.0,53.7,Pass
353,Female,No Education,High,Yes,Yes,Excellent,,2.6,37.7,6.0,43.33,Fail
354,Male,Graduate,Low,No,Yes,Average,51.5,1.7,65.1,6.5,32.59,Fail
355,Male,Graduate,High,Yes,No,Average,87.2,3.2,81.8,8.8,55.24,Pass
356,Female,Secondary,Medium,Yes,Yes,Good,33.3,6.2,60.3,5.7,35.51,Fail
357,Male,Graduate,Medium,No,No,Good,81.7,6.4,75.9,7.2,50.85,Pass
358,Female,Graduate,Low,Yes,Yes,Good,58.6,5.5,81.7,8.8,39.98,Fail
359,Female,Graduate,Low,Yes,Yes,Average,74.9,6.0,69.9,5.4,50.81,Pass
360,Female,Postgraduate,Low,Yes,Yes,Average,63.2,5.5,77.6,7.5,47.98,Fail
361,Male,Secondary,Low,Yes,No,Excellent,79.1,3.2,60.6,6.0,45.84,Fail
362,Female,Primary,Medium,No,No,Excellent,,5.4,71.9,,47.22,Fail
363,Male,Secondary,Medium,No,No,Good,45.5,6.1,84.2,6.0,51.5,Pass
364,Female,Primary,Medium,Yes,Yes,Excellent,83.3,6.0,,6.1,54.24,Pass
365,Female,Secondary,High,No,No,Good,60.3,6.9,66.2,10.0,46.87,Fail
366,Male,Postgraduate,Medium,Yes,Yes,Good,65.3,5.9,78.4,8.0,54.89,Pass
367,Female,No Education,Medium,Yes,No,Average,80.5,5.2,,8.3,55.73,Pass
368,Female,Primary,Medium,Yes,No,Good,46.5,6.6,44.3,7.6,32.26,Fail
369,Male,Secondary,Medium,Yes,Yes,Good,70.9,4.4,92.4,5.1,54.9,Pass
370,Male,Postgraduate,Medium,Yes,No,Poor,53.2,2.7,70.0,7.5,43.84,Fail
371,Male,Secondary,High,No,No,Good,60.0,4.2,81.4,8.3,41.37,Fail
372,Male,Secondary,Low,No,Yes,Excellent,63.1,3.0,93.0,6.0,56.22,Pass
373,Male,No Education,Low,Yes,No,Good,39.5,3.1,54.4,8.2,38.48,Fail
374,Female,Primary,Medium,Yes,Yes,Good,50.3,4.2,64.4,7.8,35.99,Fail
375,Male,Postgraduate,Low,No,Yes,Excellent,82.3,2.9,70.7,9.2,52.72,Pass
376,Male,Postgraduate,High,No,Yes,Poor,75.3,3.9,63.2,,51.55,Pass
377,Female,No Education,High,No,Yes,Good,61.1,0.7,100.0,5.7,45.34,Fail
378,Male,Postgraduate,Low,Yes,No,Excellent,65.6,4.9,62.1,6.6,48.34,Fail
379,Female,Graduate,Low,No,Yes,Good,57.6,4.5,66.7,8.7,43.97,Fail
380,Male,Postgraduate,Medium,Yes,No,Average,82.3,2.9,78.1,4.8,46.32,Fail
381,Male,Secondary,Medium,Yes,Yes,Average,59.0,5.8,57.0,4.5,44.95,Fail
382,Female,Secondary,Low,Yes,No,Excellent,65.5,6.4,69.1,7.1,42.85,Fail
383,Female,Secondary,Medium,Yes,No,Good,79.2,1.3,79.8,6.5,55.45,Pass
384,Female,Graduate,Medium,Yes,No,Excellent,50.3,3.0,70.0,,37.08,Fail
385,Female,Primary,Medium,Yes,Yes,Good,85.4,3.0,73.6,8.1,52.18,Pass
386,Female,No Education,Low,Yes,Yes,Good,39.0,2.6,67.1,6.3,41.01,Fail
387,Male,Secondary,High,No,Yes,Excellent,86.4,6.2,52.3,4.8,53.93,Pass
388,Male,Graduate,Low,Yes,No,Good,56.4,4.1,,9.5,39.19,Fail
389,Female,Secondary,High,Yes,No,Good,58.4,4.0,100.0,5.8,46.33,Fail
390,Female,Graduate,Medium,Yes,Yes,Good,33.6,0.5,75.3,5.7,30.59,Fail
391,Female,Postgraduate,Medium,No,Yes,Excellent,55.2,5.8,78.4,8.3,49.24,Fail
392,Male,Primary,High,Yes,No,Good,46.4,2.0,85.4,6.5,42.94,Fail
393,Male,Graduate,High,Yes,Yes,Good,52.9,4.6,56.0,6.9,35.58,Fail
394,Female,Secondary,Medium,Yes,No,Average,59.9,,100.0,7.6,46.26,Fail
395,Male,Postgraduate,Low,No,No,Excellent,76.4,7.2,78.0,8.3,56.9,Pass
396,Female,Primary,High,No,No,Average,65.1,1.9,99.5,,49.56,Fail
397,Female,Graduate,Medium,Yes,Yes,Good,66.6,0.0,64.0,8.8,52.6,Pass
398,Male,Graduate,Low,Yes,Yes,Good,45.6,4.9,100.0,4.4,48.36,Fail
399,Female,Postgraduate,High,No,No,Good,48.8,8.1,86.6,,58.16,Pass
400,Female,Graduate,Low,Yes,No,Good,89.0,7.0,83.3,6.0,55.12,Pass
401,Male,Secondary,Low,Yes,Yes,Poor,,4.9,78.5,8.6,39.98,Fail
402,Female,Graduate,Low,Yes,Yes,Good,86.8,3.5,71.3,7.2,48.42,Fail
403,Male,Postgraduate,Medium,Yes,No,Good,58.4,6.1,93.0,6.2,58.32,Pass
404,Female,Graduate,Medium,Yes,No,Excellent,62.0,2.6,77.1,7.8,54.69,Pass
405,Male,No Education,Medium,Yes,No,Average,78.1,5.5,45.5,8.1,41.13,Fail
406,Female,Postgraduate,Medium,Yes,No,Excellent,81.1,5.5,58.2,7.8,48.86,Fail
407,Male,Graduate,Medium,No,Yes,Good,60.3,6.6,72.2,5.8,41.91,Fail
408,Male,Graduate,Medium,Yes,Yes,Excellent,56.2,,79.6,6.4,37.66,Fail
409,Female,Secondary,Low,No,No,Good,61.2,5.3,74.2,7.0,49.96,Fail
410,Male,Graduate,High,Yes,No,Good,67.1,3.5,93.3,7.0,53.79,Pass
411,Male,Secondary,Low,Yes,Yes,Excellent,75.4,4.4,45.7,7.9,44.34,Fail
412,Female,Graduate,High,Yes,Yes,Excellent,62.1,1.0,77.2,4.6,37.86,Fail
413,Female,Primary,Low,No,No,Good,71.3,3.1,47.7,7.4,48.88,Fail
414,Female,Graduate,High,No,Yes,Average,86.6,3.7,86.4,6.7,55.12,Pass
415,Female,Postgraduate,Low,Yes,Yes,Good,67.7,3.5,73.6,6.0,50.98,Pass
416,Male,No Education,Low,No,No,Good,66.7,4.8,81.3,6.1,41.5,Fail
417,Male,Postgraduate,High,Yes,No,Average,39.2,2.9,62.0,6.7,33.78,Fail
418,Male,Secondary,High,No,No,Average,22.5,6.7,94.2,4.0,40.89,Fail
419,Female,Postgraduate,Medium,Yes,Yes,Excellent,67.8,4.5,90.6,6.2,55.57,Pass
420,Female,Graduate,Medium,No,No,Poor,60.6,4.5,,5.9,46.61,Fail
421,Female,Graduate,Medium,Yes,No,Good,54.3,3.8,73.1,7.6,45.73,Fail
422,Female,Graduate,High,Yes,No,Average,65.7,4.8,83.7,6.0,45.28,Fail
423,Male,Postgraduate,Medium,Yes,No,Good,61.1,6.2,64.4,6.7,47.25,Fail
424,Male,Secondary,Medium,Yes,Yes,Poor,78.9,2.8,87.8,8.9,54.73,Pass
425,Male,Secondary,Medium,Yes,Yes,Average,63.3,3.2,99.7,8.2,53.39,Pass
426,Female,Graduate,Medium,Yes,Yes,Good,50.8,3.9,91.1,8.1,47.32,Fail
427,Male,Graduate,High,Yes,Yes,Excellent,76.9,1.8,64.1,6.4,41.2,Fail
428,Female,Graduate,Low,Yes,No,Average,58.7,2.9,80.4,7.7,38.81,Fail
429,Male,Graduate,Low,Yes,No,Good,69.9,3.5,55.6,,32.79,Fail
430,Male,Secondary,Medium,Yes,No,Good,54.8,6.2,83.6,6.8,52.15,Pass
431,Male,Graduate,Medium,No,No,Excellent,52.3,5.0,81.8,7.5,49.72,Fail
432,Female,Primary,Low,Yes,Yes,Good,63.3,4.9,47.0,6.3,44.54,Fail
433,Female,Secondary,Medium,Yes,Yes,Good,62.2,6.2,57.6,8.8,46.0,Fail
434,Male,No Education,High,Yes,Yes,Good,69.2,4.2,70.8,6.8,36.93,Fail
435,Male,Secondary,Low,Yes,Yes,Excellent,58.0,5.3,70.5,7.7,40.16,Fail
436,Female,Secondary,Medium,Yes,Yes,Poor,34.5,4.3,56.9,8.7,33.25,Fail
437,Male,Secondary,Medium,Yes,No,Good,55.5,5.0,80.8,8.2,47.08,Fail
438,Female,Graduate,Medium,Yes,No,Excellent,73.9,3.3,78.8,5.3,50.08,Pass
439,Female,Secondary,High,No,Yes,Good,57.5,0.0,72.1,7.5,41.77,Fail
440,Male,Secondary,Medium,Yes,Yes,Good,58.3,4.2,63.7,8.0,42.69,Fail
441,Male,Secondary,Medium,Yes,No,Good,76.8,7.3,90.7,8.1,59.24,Pass
442,Female,Secondary,Medium,Yes,Yes,Good,51.3,6.4,99.8,5.7,48.21,Fail
443,Male,Secondary,Medium,Yes,No,Good,,6.4,67.7,6.2,51.72,Pass
444,Male,Primary,Medium,No,No,Good,59.6,7.0,65.8,8.2,43.04,Fail
445,Female,Graduate,High,Yes,No,Good,54.7,4.7,82.4,6.1,40.15,Fail
446,Female,Graduate,Medium,Yes,Yes,Good,47.5,4.9,69.6,6.6,37.57,Fail
447,Female,Graduate,Low,Yes,No,Excellent,59.4,3.3,72.9,,42.72,Fail
448,Female,Secondary,Low,Yes,No,Average,69.4,3.9,,6.9,53.36,Pass
449,Male,Secondary,Low,Yes,No,Good,61.9,5.7,46.4,6.1,40.35,Fail
450,Male,Postgraduate,Low,No,Yes,Good,66.6,6.9,94.8,5.9,55.2,Pass
451,Female,Secondary,High,No,Yes,Good,89.2,4.2,76.1,7.4,49.98,Fail
452,Female,Secondary,Medium,No,No,Average,56.9,3.6,68.8,5.4,45.77,Fail
453,Male,No Education,Medium,No,No,Good,66.2,4.5,73.7,6.7,43.32,Fail
454,Female,Secondary,Medium,Yes,No,Excellent,54.4,5.7,74.4,7.4,44.77,Fail
455,Male,Secondary,High,Yes,No,Good,49.3,1.6,49.0,8.6,40.47,Fail
456,Male,Secondary,Medium,No,No,Excellent,53.2,0.0,97.4,7.8,46.94,Fail
457,Male,Graduate,High,No,Yes,Excellent,54.8,3.4,75.6,6.1,35.67,Fail
458,Male,Secondary,Medium,No,No,Average,67.4,2.1,81.6,8.4,38.37,Fail
459,Male,Graduate,High,Yes,No,Average,97.2,3.5,89.3,6.6,61.73,Pass
460,Male,Graduate,Medium,Yes,No,Excellent,51.3,4.2,59.7,5.5,33.35,Fail
461,Male,Graduate,Low,No,No,Excellent,55.8,3.6,82.1,6.8,48.55,Fail
462,Female,Graduate,Medium,No,Yes,Average,61.1,7.4,71.0,8.7,48.6,Fail
463,Female,Postgraduate,Medium,No,No,Poor,67.9,5.2,87.7,7.2,53.5,Pass
464,Female,No Education,Low,Yes,Yes,Average,66.0,5.1,43.1,7.0,36.41,Fail
465,Female,Primary,Medium,Yes,Yes,Excellent,81.3,5.7,73.5,9.0,63.09,Pass
466,Male,No Education,Medium,Yes,No,Average,25.6,2.2,66.0,5.3,42.7,Fail
467,Male,Graduate,Low,No,Yes,Good,26.2,6.6,81.5,5.5,36.57,Fail
468,Female,Postgraduate,High,Yes,No,Excellent,54.6,4.3,82.1,5.1,48.61,Fail
469,Male,Secondary,Medium,Yes,Yes,Poor,78.5,5.8,64.4,7.4,51.66,Pass
470,Female,Postgraduate,High,No,Yes,Good,38.5,2.4,64.3,7.2,33.23,Fail
471,Male,Primary,Medium,Yes,No,Average,20.0,1.4,73.3,8.9,23.79,Fail
472,Female,Postgraduate,Medium,No,No,Excellent,,6.1,61.6,7.3,40.01,Fail
473,Male,Secondary,Medium,Yes,No,Average,65.7,5.3,87.6,6.5,46.15,Fail
474,Female,Primary,Medium,No,No,Good,45.6,2.7,69.5,7.0,38.94,Fail
475,Female,Secondary,High,Yes,No,Good,47.2,2.8,31.4,7.1,26.53,Fail
476,Female,Secondary,Low,No,Yes,Average,47.5,6.8,69.4,5.0,29.15,Fail
477,Male,Secondary,High,No,Yes,Poor,63.7,2.1,59.4,10.0,42.95,Fail
478,Female,Secondary,High,Yes,Yes,Good,52.6,7.8,50.5,7.6,40.92,Fail
479,Female,Graduate,Medium,Yes,No,Average,69.4,2.7,56.4,7.3,49.85,Fail
480,Female,Secondary,High,Yes,No,Excellent,20.0,5.8,76.6,7.7,35.93,Fail
481,Female,Secondary,Medium,Yes,Yes,Excellent,49.1,3.8,94.9,7.9,39.57,Fail
482,Female,Graduate,High,No,No,Good,45.1,5.7,79.7,6.8,32.12,Fail
483,Male,Graduate,Medium,Yes,No,Good,58.2,3.4,65.9,6.2,38.83,Fail
484,Female,Secondary,Low,Yes,Yes,Good,53.9,4.2,81.8,7.7,42.31,Fail
485,Female,Secondary,High,Yes,Yes,Excellent,74.0,4.6,68.1,7.5,54.67,Pass
486,Female,Primary,Medium,No,No,Good,34.1,2.5,64.6,6.0,31.42,Fail
487,Male,Primary,Medium,No,No,Average,62.7,6.0,57.7,,48.77,Fail
488,Male,Graduate,Medium,Yes,No,Average,70.4,3.5,,,42.3,Fail
489,Female,Primary,Low,Yes,Yes,Good,89.8,4.0,69.2,7.9,59.08,Pass
490,Female,Secondary,Medium,Yes,No,Good,54.8,2.5,77.4,8.7,46.41,Fail
491,Male,Graduate,High,Yes,Yes,Good,66.9,,73.6,7.0,38.9,Fail
492,Female,Primary,Low,Yes,Yes,Average,34.9,4.1,68.8,7.4,41.5,Fail
493,Male,Graduate,Low,Yes,No,Good,26.1,9.3,60.8,8.0,36.1,Fail
494,Male,Secondary,Low,Yes,Yes,Average,74.7,6.1,84.1,6.1,57.0,Pass
495,Male,Postgraduate,Medium,Yes,No,Average,61.9,4.5,55.2,7.1,38.07,Fail
496,Male,Secondary,Medium,Yes,Yes,Good,79.7,4.0,86.6,7.2,62.02,Pass
497,Female,Graduate,High,Yes,No,Average,41.4,4.5,60.0,5.9,30.27,Fail
498,Male,Graduate,High,Yes,No,Good,69.8,5.6,63.7,9.8,52.48,Pass
499,Female,No Education,Medium,No,Yes,Good,90.0,2.1,53.0,5.3,51.75,Pass
500,Female,Graduate,Low,Yes,No,Good,68.3,6.7,,5.4,46.48,Fail
501,Female,Postgraduate,High,Yes,Yes,Good,66.1,5.9,89.6,8.6,64.43,Pass
502,Female,Graduate,High,Yes,No,Average,62.1,5.9,82.7,,51.68,Pass
503,Male,Graduate,Medium,No,Yes,Average,38.4,5.4,89.7,5.8,46.38,Fail
504,Female,Postgraduate,Medium,No,Yes,Excellent,82.3,4.5,82.8,7.7,48.92,Fail
505,Female,Secondary,High,Yes,Yes,Good,52.8,5.8,58.4,8.8,51.75,Pass
506,Male,Secondary,Medium,Yes,Yes,Good,69.6,5.7,70.0,7.0,43.54,Fail
507,Female,Graduate,Medium,Yes,No,Poor,38.6,3.8,63.3,10.0,40.14,Fail
508,Female,Secondary,Medium,Yes,Yes,Good,44.3,3.4,95.0,4.9,39.78,Fail
509,Female,Graduate,Low,Yes,Yes,Good,83.5,4.7,57.0,7.8,47.4,Fail
510,Female,Postgraduate,Medium,Yes,Yes,Good,56.8,7.6,88.4,8.4,56.42,Pass
511,Female,Secondary,Medium,Yes,Yes,Good,83.8,2.0,88.4,8.1,60.67,Pass
512,Male,Secondary,Low,Yes,No,Average,60.8,1.6,100.0,6.8,42.97,Fail
513,Female,Graduate,Low,Yes,No,Average,34.4,4.8,68.9,,41.37,Fail
514,Female,Secondary,Low,Yes,Yes,Excellent,75.4,4.6,85.7,7.5,59.71,Pass
515,Male,Graduate,Medium,Yes,No,Excellent,53.2,4.8,,8.0,39.81,Fail
516,Male,Secondary,High,Yes,No,Average,72.5,5.0,65.7,7.7,56.6,Pass
517,Male,Graduate,High,Yes,Yes,Good,62.4,4.1,52.0,8.2,34.34,Fail
518,Female,Primary,Medium,No,No,Average,38.9,7.5,46.8,5.8,30.42,Fail
519,Female,Graduate,Medium,Yes,No,Poor,64.5,1.3,85.7,6.7,49.58,Fail
520,Male,Secondary,High,Yes,No,Average,94.9,2.8,46.8,5.9,45.26,Fail
521,Female,Graduate,Low,No,No,Average,69.4,4.3,69.4,6.5,48.61,Fail
522,Male,Primary,Medium,Yes,Yes,Good,,1.2,81.6,8.2,46.21,Fail
523,Female,Graduate,High,Yes,No,Good,78.1,4.1,77.8,7.1,52.31,Pass
524,Female,Postgraduate,Low,Yes,No,Average,65.2,7.8,81.4,10.0,57.38,Pass
525,Female,Secondary,High,No,No,Poor,65.1,4.5,78.3,7.2,46.88,Fail
526,Male,Primary,High,No,No,Excellent,45.6,5.0,94.2,7.1,46.88,Fail
527,Male,No Education,Low,No,Yes,Average,65.5,2.0,60.7,7.1,46.3,Fail
528,Male,Graduate,Low,Yes,No,Good,77.5,3.3,64.8,6.2,52.58,Pass
529,Male,Graduate,Low,Yes,No,Good,49.5,3.7,63.4,6.9,42.81,Fail
530,Female,Secondary,Medium,Yes,Yes,Good,83.4,3.9,87.5,8.4,51.32,Pass
531,Female,Secondary,Medium,Yes,Yes,Average,60.6,7.1,88.5,7.1,55.01,Pass
532,Female,Secondary,Medium,Yes,No,Average,48.7,5.6,81.8,6.0,40.33,Fail
533,Female,Graduate,Low,Yes,Yes,Average,77.0,2.3,92.8,,48.21,Fail
534,Female,Secondary,High,No,Yes,Average,57.7,5.0,57.3,6.5,40.79,Fail
535,Female,Postgraduate,Medium,Yes,No,Good,73.4,5.5,100.0,7.1,54.25,Pass
536,Female,Primary,Low,Yes,Yes,Good,57.6,6.8,97.8,8.4,56.88,Pass
537,Female,Graduate,Medium,Yes,Yes,Average,61.1,7.7,86.0,5.4,57.01,Pass
538,Male,Secondary,Medium,No,Yes,Poor,69.4,2.5,100.0,6.6,43.58,Fail
539,Male,Secondary,Medium,No,Yes,Good,66.4,2.9,50.2,7.2,36.15,Fail
540,Male,Graduate,Low,Yes,No,Good,,2.0,67.1,4.8,35.18,Fail
541,Female,Graduate,Low,Yes,No,Excellent,,4.0,64.0,6.0,41.54,Fail
542,Female,Postgraduate,High,Yes,Yes,Good,75.9,5.4,85.8,6.2,58.77,Pass
543,Male,Primary,High,No,Yes,Good,60.0,6.5,59.2,6.0,42.47,Fail
544,Female,Primary,Medium,Yes,No,Good,54.1,4.3,86.4,7.2,43.27,Fail
545,Female,Graduate,Medium,Yes,Yes,Excellent,41.6,3.9,95.6,6.8,51.51,Pass
546,Male,Graduate,Medium,Yes,Yes,Excellent,45.8,4.8,85.4,6.3,33.31,Fail
547,Male,Secondary,Medium,Yes,Yes,Average,31.7,2.8,79.3,7.5,41.85,Fail
548,Female,Primary,Medium,No,No,Average,60.5,8.7,60.2,9.1,42.93,Fail
549,Female,Primary,High,Yes,No,Average,53.0,1.3,62.3,9.0,36.44,Fail
550,Female,Postgraduate,Medium,Yes,No,Good,47.5,4.9,93.7,4.7,44.89,Fail
551,Female,Primary,Medium,Yes,No,Good,61.0,8.5,86.7,7.7,60.62,Pass
552,Female,Secondary,Medium,Yes,No,Good,67.5,4.5,74.4,6.8,42.35,Fail
553,Female,Secondary,High,No,No,Poor,93.4,4.1,68.7,7.2,55.18,Pass
554,Female,Secondary,High,Yes,No,Good,39.3,3.8,44.6,6.5,33.3,Fail
555,Female,Primary,Low,No,Yes,Excellent,79.4,4.1,58.9,7.1,39.73,Fail
556,Male,Secondary,Medium,No,No,Average,76.6,7.2,100.0,7.2,55.54,Pass
557,Male,Primary,Medium,Yes,No,Good,50.3,0.1,55.8,6.3,32.29,Fail
558,Male,Graduate,Medium,Yes,No,Good,65.0,7.6,77.8,5.9,47.55,Fail
559,Female,Secondary,Medium,Yes,Yes,Excellent,55.1,,90.1,6.5,44.48,Fail
560,Female,Secondary,High,No,Yes,Excellent,64.8,,56.2,7.3,41.41,Fail
561,Female,Postgraduate,Medium,Yes,No,Good,84.6,3.6,77.8,7.7,58.49,Pass
562,Male,Graduate,High,Yes,No,Good,71.1,5.7,89.1,8.0,53.51,Pass
563,Male,Secondary,Low,Yes,No,Excellent,69.6,1.3,,6.4,51.55,Pass
564,Male,Secondary,High,No,Yes,Good,55.5,5.4,100.0,7.3,46.62,Fail
565,Male,Secondary,High,Yes,No,Average,39.7,8.5,50.0,8.2,30.45,Fail
566,Female,Graduate,Medium,Yes,No,Good,58.9,1.8,90.9,8.4,56.95,Pass
567,Male,Postgraduate,Medium,Yes,No,Average,80.1,4.9,72.4,6.9,50.18,Pass
568,Male,Graduate,Low,Yes,No,Good,39.1,3.2,86.6,6.7,33.98,Fail
569,Female,Graduate,High,No,No,Excellent,46.2,,81.6,7.2,34.37,Fail
570,Male,Graduate,Medium,Yes,No,Good,63.9,4.5,64.0,5.6,50.42,Pass
571,Male,Secondary,Low,No,No,Good,47.2,3.2,78.4,6.8,38.71,Fail
572,Female,Primary,Medium,Yes,No,Average,50.1,5.5,47.1,7.9,34.77,Fail
573,Male,Graduate,Medium,Yes,Yes,Good,55.6,8.1,84.0,7.8,50.26,Pass
574,Female,Postgraduate,Low,Yes,Yes,Average,41.5,4.1,79.5,6.7,46.13,Fail
575,Female,Primary,Low,Yes,No,Average,47.4,5.9,84.6,7.3,43.79,Fail
576,Female,Graduate,Medium,Yes,No,Good,72.6,1.9,90.9,,63.94,Pass
577,Male,Secondary,Medium,Yes,No,Average,42.4,2.6,,7.8,38.49,Fail
578,Female,Secondary,High,Yes,No,Good,38.0,5.4,77.2,6.9,45.27,Fail
579,Male,Primary,High,Yes,Yes,Good,52.5,7.5,61.8,,47.23,Fail
580,Male,Secondary,Medium,Yes,No,Excellent,73.0,5.2,64.3,6.6,48.57,Fail
581,Male,Graduate,High,No,No,Good,59.0,3.9,92.8,6.9,46.68,Fail
582,Female,Secondary,Medium,Yes,Yes,Poor,55.0,4.5,96.5,6.5,51.33,Pass
583,Male,Graduate,Medium,Yes,Yes,Average,62.7,2.0,71.4,7.8,46.7,Fail
584,Male,Graduate,Low,Yes,No,Good,35.8,5.7,75.7,6.5,36.29,Fail
585,Female,Postgraduate,Medium,No,Yes,Good,69.4,6.3,61.4,8.9,49.17,Fail
586,Male,Secondary,Medium,No,No,Good,67.8,3.6,92.6,8.8,57.94,Pass
587,Male,Secondary,Low,Yes,Yes,Good,55.9,3.6,85.0,5.9,56.68,Pass
588,Male,Primary,Medium,No,No,Poor,77.1,5.0,100.0,7.1,61.84,Pass
589,Male,Postgraduate,High,Yes,No,Good,45.1,3.6,61.8,6.2,46.91,Fail
590,Male,Postgraduate,Medium,Yes,No,Good,78.9,4.4,69.3,6.6,48.77,Fail
591,Male,Secondary,Medium,No,Yes,Average,64.3,8.7,78.5,9.4,55.79,Pass
592,Female,Graduate,High,No,No,Average,57.0,4.0,84.7,6.6,53.53,Pass
593,Male,Secondary,High,Yes,Yes,Average,61.7,3.8,71.8,7.4,40.99,Fail
594,Male,Graduate,Low,No,Yes,Average,60.4,3.2,61.9,7.6,39.06,Fail
595,Female,Primary,Medium,Yes,No,Good,80.3,6.0,88.2,5.8,66.22,Pass
596,Male,Graduate,Medium,No,No,Average,45.8,4.1,,6.0,35.53,Fail
597,Female,Primary,Medium,Yes,No,Average,50.6,3.2,61.3,5.6,30.76,Fail
598,Male,Graduate,Low,Yes,Yes,Average,77.5,7.1,95.3,5.9,67.86,Pass
599,Male,Graduate,Medium,Yes,Yes,Excellent,53.1,7.3,92.6,,57.67,Pass
600,Male,Graduate,High,Yes,Yes,Excellent,75.5,3.3,77.0,7.7,53.97,Pass
601,Male,No Education,Medium,Yes,No,Average,87.5,0.8,76.2,9.5,51.08,Pass
602,Male,Secondary,High,Yes,No,Average,56.0,6.5,83.3,7.2,46.54,Fail
603,Male,Secondary,High,Yes,No,Average,72.2,3.1,62.1,5.3,47.11,Fail
604,Male,Secondary,High,Yes,No,Good,,6.1,75.5,6.2,56.53,Pass
605,Male,Primary,Low,Yes,Yes,Poor,73.3,0.6,42.7,6.4,39.34,Fail
606,Male,Postgraduate,High,Yes,Yes,Good,65.0,6.3,88.1,,64.99,Pass
607,Male,Graduate,Low,Yes,Yes,Good,69.1,2.1,51.6,8.0,37.02,Fail
608,Male,Secondary,Medium,No,Yes,Excellent,52.3,6.0,97.6,8.0,50.36,Pass
609,Male,Secondary,Medium,No,Yes,Average,37.1,4.5,70.0,5.6,34.57,Fail
610,Female,Secondary,Medium,No,No,Excellent,,2.6,71.8,7.9,38.25,Fail
611,Male,Graduate,High,Yes,Yes,Excellent,31.0,3.7,65.6,8.8,33.01,Fail
612,Female,Secondary,High,No,No,Average,57.2,5.9,70.7,9.3,46.99,Fail
613,Female,Postgraduate,Low,Yes,Yes,Good,76.1,4.7,96.3,,60.75,Pass
614,Male,Secondary,Medium,Yes,No,Average,64.9,5.7,37.7,5.9,50.32,Pass
615,Female,Postgraduate,Medium,Yes,No,Average,91.2,8.5,94.2,10.0,68.72,Pass
616,Female,Postgraduate,Medium,No,No,Average,77.4,1.4,80.1,6.6,56.2,Pass
617,Male,Secondary,High,Yes,Yes,Good,52.2,7.7,56.9,6.3,42.81,Fail
618,Male,Postgraduate,Medium,Yes,No,Good,62.4,,58.9,7.4,52.04,Pass
619,Female,Primary,High,Yes,No,Excellent,61.3,2.7,100.0,6.3,62.86,Pass
620,Female,Graduate,Low,No,Yes,Average,38.3,1.8,60.8,7.5,34.73,Fail
621,Male,Secondary,Medium,Yes,Yes,Excellent,47.9,4.1,,5.4,36.9,Fail
622,Male,Postgraduate,Medium,Yes,Yes,Average,53.6,6.3,92.1,6.7,48.09,Fail
623,Male,Postgraduate,Low,Yes,No,Good,31.5,4.2,80.1,8.5,39.06,Fail
624,Male,Graduate,Medium,Yes,No,Good,62.7,7.5,60.9,,49.13,Fail
625,Female,Graduate,High,Yes,No,Average,58.3,1.6,78.2,7.2,47.26,Fail
626,Male,Secondary,High,Yes,Yes,Excellent,36.9,4.5,59.6,7.6,37.05,Fail
627,Male,Primary,Medium,No,Yes,Average,68.1,2.0,91.5,8.4,49.79,Fail
628,Female,Secondary,Medium,Yes,No,Good,72.7,5.2,90.9,,51.97,Pass
629,Male,Primary,Low,Yes,Yes,Good,65.4,6.3,,7.7,51.47,Pass
630,Male,Graduate,Low,Yes,No,Good,57.1,3.7,80.4,6.7,55.06,Pass
631,Female,Secondary,Medium,Yes,No,Good,70.9,0.0,100.0,,56.69,Pass
632,Female,Postgraduate,Low,Yes,Yes,Good,72.2,4.9,75.0,8.3,54.31,Pass
633,Male,Graduate,High,Yes,No,Average,66.6,5.4,57.3,5.6,50.39,Pass
634,Female,Graduate,Medium,Yes,Yes,Good,,5.3,81.7,5.8,48.07,Fail
635,Male,Primary,High,No,No,Excellent,66.1,7.0,100.0,4.7,53.8,Pass
636,Male,Postgraduate,Medium,Yes,Yes,Poor,79.9,2.4,59.8,6.3,44.18,Fail
637,Female,Postgraduate,High,Yes,No,Average,53.1,5.9,69.6,,43.87,Fail
638,Male,Secondary,Medium,No,Yes,Good,93.5,6.9,81.2,6.9,59.41,Pass
639,Male,Graduate,Medium,Yes,No,Good,54.1,0.9,74.2,5.4,46.61,Fail
640,Male,Graduate,High,No,No,Good,62.5,5.1,60.3,6.4,41.53,Fail
641,Male,Primary,Medium,Yes,Yes,Average,51.9,3.5,91.8,5.2,42.15,Fail
642,Male,Secondary,Low,Yes,No,Good,65.3,4.3,100.0,5.6,63.47,Pass
643,Male,Secondary,Medium,No,Yes,Average,35.9,5.2,77.9,7.5,36.43,Fail
644,Male,Primary,High,Yes,No,Good,53.8,3.5,61.4,5.6,40.01,Fail
645,Male,Secondary,High,Yes,Yes,Good,45.6,3.1,51.8,,36.55,Fail
646,Female,Primary,Medium,No,No,Average,64.0,4.6,78.9,6.9,41.77,Fail
647,Female,No Education,Medium,Yes,Yes,Good,76.9,2.3,91.6,7.1,59.59,Pass
648,Female,Primary,High,Yes,Yes,Excellent,71.7,2.3,82.1,6.7,53.14,Pass
649,Female,Postgraduate,Low,Yes,Yes,Good,26.4,5.9,75.0,7.9,44.4,Fail
650,Male,Secondary,Medium,No,No,Excellent,92.6,2.2,66.2,7.9,49.19,Fail
651,Male,Postgraduate,Low,No,Yes,Good,66.4,5.8,58.6,7.4,46.41,Fail
652,Female,Secondary,Medium,Yes,No,Good,50.4,5.4,87.5,7.7,46.89,Fail
653,Female,Secondary,Medium,Yes,No,Poor,64.4,1.0,88.7,6.7,48.51,Fail
654,Female,Secondary,Low,No,Yes,Average,64.6,3.1,51.8,7.7,32.66,Fail
655,Male,Secondary,Low,Yes,No,Average,52.0,6.9,98.8,6.6,51.8,Pass
656,Male,Primary,Medium,Yes,Yes,Good,65.0,2.5,,7.0,38.57,Fail
657,Male,Graduate,Low,Yes,Yes,Excellent,52.9,3.6,96.0,6.7,50.38,Pass
658,Male,Secondary,Low,No,No,Good,55.9,5.4,54.9,6.5,29.15,Fail
659,Female,Graduate,High,No,No,Good,51.7,6.1,54.5,6.2,30.42,Fail
660,Female,Graduate,Medium,Yes,No,Good,40.5,4.0,72.8,7.6,42.65,Fail
661,Male,Primary,Medium,Yes,Yes,Good,64.2,3.3,82.5,8.6,45.36,Fail
662,Female,Primary,High,Yes,Yes,Good,70.8,7.3,100.0,8.4,54.02,Pass
663,Female,Graduate,Low,Yes,Yes,Good,69.7,8.0,85.6,5.5,62.47,Pass
664,Male,Secondary,Medium,Yes,No,Good,74.3,6.5,71.4,8.5,53.77,Pass
665,Male,Primary,Medium,No,No,Average,66.9,4.7,59.6,6.6,48.11,Fail
666,Male,Postgraduate,High,Yes,No,Excellent,54.0,2.9,93.5,7.7,47.25,Fail
667,Male,Primary,High,No,Yes,Average,74.6,2.8,60.5,5.9,58.66,Pass
668,Male,Graduate,High,Yes,Yes,Poor,41.6,5.5,99.4,7.2,44.27,Fail
669,Male,Postgraduate,High,Yes,Yes,Excellent,48.5,5.3,70.7,7.4,51.9,Pass
670,Male,Secondary,Low,Yes,Yes,Average,47.5,7.3,98.9,5.2,50.11,Pass
671,Male,Primary,Low,Yes,Yes,Good,78.2,5.8,85.2,7.7,47.72,Fail
672,Female,Primary,Medium,Yes,No,Average,76.1,1.5,72.9,8.6,50.0,Pass
673,Male,Secondary,Low,No,No,Good,69.3,6.6,67.2,6.8,50.33,Pass
674,Female,Primary,Medium,No,No,Average,78.1,2.5,69.9,8.6,42.78,Fail
675,Male,Graduate,Medium,Yes,No,Good,48.8,3.7,81.4,6.8,38.7,Fail
676,Female,Primary,Low,Yes,Yes,Good,67.2,5.0,76.2,8.0,48.97,Fail
677,Male,Secondary,High,No,No,Good,60.1,8.5,66.1,4.3,49.27,Fail
678,Male,Postgraduate,Low,Yes,Yes,Good,74.7,10.7,72.5,9.9,45.34,Fail
679,Female,Graduate,Medium,Yes,No,Excellent,60.3,5.7,76.2,8.8,53.45,Pass
680,Female,Graduate,Medium,Yes,No,Poor,56.2,4.1,43.1,6.7,33.95,Fail
681,Female,Secondary,Medium,No,Yes,Good,70.1,5.6,81.9,4.6,45.55,Fail
682,Male,Graduate,Medium,Yes,No,Good,75.1,6.3,60.3,7.3,54.55,Pass
683,Male,Secondary,Low,Yes,Yes,Excellent,52.0,3.9,57.7,5.3,38.48,Fail
684,Female,Secondary,Medium,No,No,Poor,61.1,8.1,49.7,7.5,48.97,Fail
685,Female,Primary,High,Yes,No,Good,46.1,5.0,48.1,7.5,36.91,Fail
686,Female,Postgraduate,High,Yes,Yes,Excellent,24.5,5.5,54.7,5.9,30.97,Fail
687,Female,Secondary,Medium,Yes,Yes,Average,65.0,5.8,64.4,8.3,45.84,Fail
688,Male,Primary,Medium,No,No,Excellent,71.1,5.3,100.0,8.0,58.63,Pass
689,Female,Secondary,Medium,Yes,No,Poor,65.9,6.2,67.1,8.2,45.45,Fail
690,Male,Secondary,High,No,Yes,Good,32.8,3.3,77.7,7.0,31.72,Fail
691,Male,Graduate,Low,Yes,No,Excellent,56.7,3.4,81.0,5.3,48.69,Fail
692,Male,Graduate,Medium,Yes,Yes,Good,28.7,2.3,77.0,8.2,33.37,Fail
693,Male,Graduate,High,No,Yes,Good,82.5,5.4,73.8,6.7,55.07,Pass
694,Male,No Education,Medium,Yes,Yes,Poor,45.7,6.1,57.1,5.3,42.82,Fail
695,Male,Secondary,Low,Yes,Yes,Excellent,80.8,5.4,96.8,8.6,59.38,Pass
696,Female,Secondary,Medium,Yes,Yes,Good,76.2,7.8,100.0,9.5,61.65,Pass
697,Male,No Education,Low,Yes,No,Poor,48.5,4.5,49.8,7.0,31.43,Fail
698,Female,Secondary,Medium,Yes,Yes,Good,45.0,5.8,59.6,9.6,40.7,Fail
699,Male,Graduate,Medium,Yes,Yes,Good,67.3,2.3,70.8,7.1,47.8,Fail
700,Male,Primary,High,Yes,Yes,Average,49.3,3.7,60.5,,42.31,Fail
701,Female,Secondary,Medium,No,No,Average,63.5,5.9,82.6,6.2,47.01,Fail
702,Male,Secondary,Low,Yes,No,Poor,54.8,,64.1,,38.72,Fail
703,Male,No Education,Low,No,Yes,Good,,3.9,100.0,6.1,55.18,Pass
704,Male,Secondary,High,Yes,Yes,Good,28.5,4.4,92.9,7.9,41.14,Fail
705,Male,Postgraduate,Low,Yes,Yes,Good,65.4,1.5,78.2,6.3,42.13,Fail
706,Female,Graduate,Medium,Yes,Yes,Excellent,53.6,3.8,90.4,6.4,54.34,Pass
707,Male,Postgraduate,Low,Yes,Yes,Excellent,53.7,6.3,91.6,8.2,42.37,Fail
708,Female,Secondary,High,Yes,Yes,Good,72.4,5.7,66.5,6.5,53.87,Pass
709,Male,Primary,Medium,No,Yes,Poor,79.6,5.5,62.8,6.5,43.63,Fail
710,Female,Secondary,Medium,No,No,Good,57.9,4.6,76.2,8.4,54.62,Pass
711,Female,Secondary,Medium,No,Yes,Good,56.9,4.5,87.9,8.9,40.27,Fail
712,Female,Graduate,High,Yes,No,Good,69.5,3.2,77.1,7.8,54.92,Pass
713,Male,Primary,Medium,No,No,Good,41.6,5.9,51.3,6.2,33.76,Fail
714,Male,Secondary,Medium,Yes,No,Good,65.3,5.3,63.0,6.4,43.85,Fail
715,Male,Primary,High,Yes,Yes,Excellent,70.3,5.5,73.9,7.1,51.54,Pass
716,Female,Secondary,High,No,Yes,Average,72.2,3.4,73.9,7.4,51.93,Pass
717,Female,Graduate,Medium,Yes,Yes,Good,32.9,0.2,,5.8,28.44,Fail
718,Female,Secondary,High,Yes,No,Poor,,6.7,54.2,7.9,39.53,Fail
719,Male,Secondary,Low,Yes,No,Excellent,48.8,3.5,,7.1,44.33,Fail
720,Female,Secondary,Medium,Yes,No,Average,63.5,2.8,97.3,,42.44,Fail
721,Female,Secondary,High,No,No,Average,69.2,5.9,100.0,5.9,53.51,Pass
722,Male,Graduate,Low,Yes,Yes,Good,84.5,3.7,68.9,6.4,68.02,Pass
723,Male,Postgraduate,Low,No,No,Good,54.6,6.6,82.4,6.9,43.37,Fail
724,Female,Postgraduate,Medium,Yes,Yes,Average,54.5,5.7,83.5,9.3,54.14,Pass
725,Female,Graduate,Medium,Yes,Yes,Good,79.2,5.9,77.9,7.3,52.67,Pass
726,Female,Secondary,Medium,Yes,Yes,Good,66.4,1.8,73.5,6.0,48.06,Fail
727,Male,Graduate,Medium,Yes,Yes,Poor,81.0,6.9,81.5,7.3,61.1,Pass
728,Female,Secondary,High,Yes,No,Average,66.3,5.0,37.0,6.6,44.91,Fail
729,Male,Secondary,Medium,No,Yes,Excellent,44.6,3.8,85.2,7.4,41.46,Fail
730,Male,Graduate,Low,No,No,Good,42.0,4.8,76.9,7.7,50.17,Pass
731,Male,No Education,High,No,No,Good,38.7,,71.7,8.5,33.68,Fail
732,Female,Postgraduate,Low,No,No,Good,71.9,5.3,100.0,7.0,58.54,Pass
733,Female,Secondary,Low,No,Yes,Average,79.8,2.4,64.9,9.0,49.05,Fail
734,Female,Graduate,Low,Yes,No,Average,89.7,1.8,69.0,8.1,46.69,Fail
735,Male,Graduate,Medium,No,No,Average,74.6,1.5,,6.2,46.46,Fail
736,Female,Postgraduate,Low,Yes,Yes,Excellent,79.4,6.7,62.5,9.7,53.79,Pass
737,Male,Graduate,Low,Yes,Yes,Excellent,53.3,3.2,66.7,7.4,38.84,Fail
738,Female,Graduate,Medium,Yes,No,Good,44.7,7.6,72.8,6.0,55.83,Pass
739,Male,Primary,Low,Yes,No,Poor,74.8,3.4,87.6,9.0,48.19,Fail
740,Male,Secondary,Medium,Yes,No,Average,68.3,1.1,78.1,9.5,52.06,Pass
741,Male,Primary,High,No,No,Average,63.6,2.3,55.6,7.0,43.65,Fail
742,Male,Graduate,High,Yes,No,Good,67.8,7.0,67.0,6.4,49.77,Fail
743,Female,Secondary,Low,Yes,Yes,Poor,66.8,4.2,65.9,6.8,41.35,Fail
744,Male,Graduate,Low,Yes,Yes,Excellent,81.3,3.4,73.8,7.9,48.93,Fail
745,Male,No Education,High,Yes,Yes,Good,,4.8,81.4,8.5,45.74,Fail
746,Female,Primary,Low,Yes,No,Excellent,70.2,5.5,81.3,7.7,42.82,Fail
747,Male,Graduate,High,Yes,No,Excellent,74.7,6.7,48.4,7.1,42.44,Fail
748,Female,Primary,Low,Yes,Yes,Good,69.7,7.4,91.0,8.8,48.65,Fail
749,Female,Primary,High,Yes,No,Good,55.1,3.8,78.8,6.6,51.07,Pass
750,Female,No Education,Medium,No,Yes,Good,73.3,1.8,95.8,8.2,55.3,Pass
751,Male,Postgraduate,Medium,No,Yes,Good,41.1,3.7,81.7,6.7,44.84,Fail
752,Female,Graduate,Medium,Yes,Yes,Good,77.8,5.0,91.5,7.5,60.55,Pass
753,Female,Secondary,Medium,Yes,Yes,Good,44.1,2.6,82.0,6.9,41.47,Fail
754,Male,Secondary,Medium,Yes,Yes,Excellent,66.3,2.6,95.2,6.9,59.16,Pass
755,Male,Secondary,Medium,No,Yes,Good,49.3,5.2,82.8,6.5,41.7,Fail
756,Female,Graduate,Medium,Yes,Yes,Good,70.3,4.4,73.5,8.6,50.41,Pass
757,Female,Graduate,Low,Yes,Yes,Excellent,61.5,4.6,100.0,6.1,57.33,Pass
758,Female,Primary,Low,No,No,Average,38.1,3.0,88.3,6.1,32.35,Fail
759,Female,Primary,Medium,Yes,Yes,Average,68.3,4.0,83.6,9.5,65.84,Pass
760,Female,Primary,Low,Yes,No,Good,53.3,2.7,55.9,,36.67,Fail
761,Male,Graduate,Medium,Yes,Yes,Good,75.2,6.3,55.7,4.1,49.75,Fail
762,Male,Graduate,Low,No,Yes,Excellent,62.0,6.6,,6.3,55.3,Pass
763,Male,Secondary,Medium,No,Yes,Good,67.9,0.8,77.2,4.8,50.04,Pass
764,Female,No Education,Low,Yes,Yes,Good,47.6,2.6,65.8,5.9,37.02,Fail
765,Male,Primary,Medium,Yes,No,Good,53.2,1.5,77.1,4.0,41.43,Fail
766,Female,Postgraduate,Low,Yes,Yes,Poor,55.1,3.2,98.8,6.8,42.08,Fail
767,Female,Secondary,Low,No,No,Good,74.9,4.3,85.4,5.6,50.18,Pass
768,Female,Graduate,Low,No,No,Excellent,87.2,1.6,57.9,7.1,50.83,Pass
769,Male,Graduate,High,Yes,No,Average,49.9,2.7,73.3,5.0,42.92,Fail
770,Female,Secondary,Low,No,No,Good,78.2,2.5,62.9,7.1,52.8,Pass
771,Male,Secondary,Medium,Yes,No,Good,29.5,4.9,69.2,6.5,33.7,Fail
772,Female,Primary,Low,Yes,Yes,Average,44.1,4.6,68.8,8.8,31.67,Fail
773,Male,Graduate,Low,Yes,No,Average,47.6,3.1,67.8,8.7,43.84,Fail
774,Male,Graduate,Medium,Yes,Yes,Excellent,41.7,4.9,56.2,7.9,43.38,Fail
775,Female,Graduate,Medium,No,Yes,Good,38.2,3.4,,6.6,42.01,Fail
776,Male,Secondary,High,Yes,No,Average,68.2,4.0,66.6,9.4,45.51,Fail
777,Male,No Education,High,Yes,No,Average,58.8,7.8,31.1,5.1,42.39,Fail
778,Female,Postgraduate,High,No,No,Good,67.7,7.2,100.0,5.3,75.3,Pass
779,Female,Graduate,Medium,No,Yes,Good,72.4,1.9,91.3,6.9,52.64,Pass
780,Female,Secondary,Medium,Yes,No,Good,66.0,6.2,69.4,9.7,41.87,Fail
781,Female,Postgraduate,Medium,Yes,Yes,Average,71.9,6.1,75.3,6.8,49.91,Fail
782,Female,Graduate,High,Yes,Yes,Excellent,61.0,2.2,57.4,6.8,43.86,Fail
783,Male,Graduate,Medium,Yes,Yes,Good,44.2,6.1,100.0,,41.05,Fail
784,Male,Graduate,Medium,No,Yes,Average,77.9,7.6,100.0,8.1,62.56,Pass
785,Male,Graduate,Low,No,Yes,Good,53.2,2.3,77.4,8.1,43.99,Fail
786,Female,Graduate,Low,Yes,No,Good,48.0,2.7,90.4,7.9,51.78,Pass
787,Female,Primary,High,Yes,No,Excellent,59.3,6.5,77.6,6.2,54.92,Pass
788,Male,Secondary,Medium,Yes,Yes,Excellent,48.3,5.0,54.9,6.2,42.2,Fail
789,Male,Postgraduate,Medium,No,No,Average,55.7,5.6,68.8,5.4,33.41,Fail
790,Female,Secondary,Low,Yes,No,Excellent,67.2,5.2,77.0,7.1,54.33,Pass
791,Male,Secondary,High,Yes,No,Excellent,67.2,5.3,68.2,5.7,51.51,Pass
792,Female,Secondary,Low,Yes,No,Excellent,48.5,1.8,71.7,5.6,39.73,Fail
793,Male,Secondary,High,Yes,Yes,Average,54.7,6.6,73.6,6.5,37.62,Fail
794,Female,Graduate,Low,Yes,No,Good,78.1,6.8,73.8,6.4,50.7,Pass
795,Male,Postgraduate,High,Yes,No,Average,,4.0,75.8,6.4,41.43,Fail
796,Female,Secondary,Medium,No,Yes,Excellent,93.1,4.4,59.1,7.6,43.43,Fail
797,Female,Primary,Low,No,Yes,Poor,79.7,1.4,64.2,7.1,46.05,Fail
798,Female,Primary,Medium,No,No,Good,79.2,5.5,55.7,6.7,44.04,Fail
799,Female,Postgraduate,Medium,Yes,Yes,Good,41.2,5.6,89.7,7.2,58.47,Pass
800,Female,Graduate,Low,Yes,No,Average,73.5,4.4,43.4,5.8,41.98,Fail
801,Female,Secondary,High,Yes,Yes,Good,61.2,6.7,92.3,7.1,59.94,Pass
802,Male,Graduate,Medium,Yes,No,Excellent,53.7,3.8,95.8,7.2,41.03,Fail
803,Female,Postgraduate,Medium,No,Yes,Good,64.5,5.6,70.5,5.2,45.55,Fail
804,Female,Graduate,Low,Yes,No,Excellent,76.2,2.5,36.0,8.2,40.8,Fail
805,Male,Postgraduate,Medium,Yes,No,Average,69.5,4.5,69.6,,44.11,Fail
806,Female,Secondary,High,No,Yes,Good,48.8,4.2,74.0,7.1,39.45,Fail
807,Female,Graduate,Medium,No,No,Good,73.1,5.0,59.8,8.4,46.13,Fail
808,Female,Secondary,High,Yes,Yes,Poor,52.4,3.8,67.3,8.1,39.78,Fail
809,Male,Graduate,High,Yes,Yes,Good,65.3,4.2,98.0,7.0,63.51,Pass
810,Male,Graduate,Low,Yes,Yes,Good,57.4,6.2,85.0,6.6,51.75,Pass
811,Female,Graduate,Low,Yes,No,Good,58.7,3.6,61.1,,43.82,Fail
812,Female,Graduate,High,Yes,Yes,Good,73.5,1.3,51.0,7.8,45.15,Fail
813,Male,Primary,Medium,Yes,Yes,Good,46.4,8.0,70.1,6.3,46.53,Fail
814,Female,Secondary,Low,No,Yes,Poor,91.2,7.3,71.8,6.0,57.88,Pass
815,Female,Postgraduate,Low,Yes,No,Average,34.7,1.9,82.4,4.5,35.29,Fail
816,Male,Postgraduate,Medium,Yes,No,Good,53.0,5.9,67.0,7.2,44.61,Fail
817,Female,No Education,High,Yes,Yes,Average,67.6,3.5,82.7,6.9,54.95,Pass
818,Male,Primary,Low,Yes,Yes,Poor,70.8,5.0,100.0,8.4,61.63,Pass
819,Male,Primary,Low,No,No,Good,60.5,5.1,,7.4,44.52,Fail
820,Male,Graduate,High,Yes,Yes,Good,61.1,4.0,74.3,8.6,50.48,Pass
821,Female,Graduate,High,Yes,No,Average,68.2,2.9,72.3,6.2,46.08,Fail
822,Male,Secondary,Medium,Yes,No,Good,58.5,3.1,69.6,8.4,42.92,Fail
823,Male,Secondary,High,No,No,Good,82.9,2.7,92.7,6.4,53.98,Pass
824,Male,Graduate,Medium,Yes,Yes,Good,74.6,2.8,65.6,7.9,46.9,Fail
825,Female,Graduate,High,No,No,Good,75.1,4.4,75.7,5.2,58.18,Pass
826,Female,Secondary,Medium,Yes,No,Good,47.5,3.1,75.8,7.3,40.92,Fail
827,Male,Graduate,Low,Yes,No,Good,60.8,5.9,67.5,4.6,46.73,Fail
828,Male,Secondary,Medium,Yes,Yes,Good,57.5,7.5,54.4,6.7,36.09,Fail
829,Female,Secondary,Medium,No,Yes,Poor,46.9,3.3,79.8,7.5,39.42,Fail
830,Male,Graduate,High,No,Yes,Good,67.4,5.0,74.1,6.4,48.09,Fail
831,Male,Graduate,Medium,Yes,No,Good,53.9,5.5,82.5,5.7,43.02,Fail
832,Male,Postgraduate,High,Yes,No,Excellent,71.8,5.4,67.0,8.0,50.3,Pass
833,Male,Graduate,High,Yes,Yes,Excellent,45.9,4.7,93.3,6.9,44.77,Fail
834,Male,Graduate,Low,Yes,No,Good,87.8,6.0,61.8,6.4,54.58,Pass
835,Male,Primary,High,Yes,Yes,Average,48.6,5.5,100.0,7.1,49.85,Fail
836,Male,Secondary,Medium,No,No,Average,65.3,2.0,48.8,10.0,33.41,Fail
837,Female,No Education,High,No,No,Good,73.9,6.2,81.5,8.4,51.11,Pass
838,Male,Secondary,Medium,Yes,Yes,Good,53.4,6.3,,8.4,46.23,Fail
839,Female,Graduate,Medium,Yes,Yes,Average,74.8,3.0,63.1,7.5,53.23,Pass
840,Female,Postgraduate,Medium,No,Yes,Good,43.6,4.6,81.4,7.2,43.89,Fail
841,Male,Primary,Low,No,No,Average,83.8,5.9,94.2,4.1,56.02,Pass
842,Female,Secondary,Low,Yes,No,Excellent,62.2,4.1,41.7,6.2,40.04,Fail
843,Male,Graduate,Medium,Yes,No,Average,53.1,6.6,82.5,6.4,56.38,Pass
844,Female,Secondary,High,Yes,Yes,Excellent,57.5,9.2,,4.8,55.09,Pass
845,Male,Graduate,Medium,Yes,No,Excellent,74.1,2.9,60.5,5.6,49.03,Fail
846,Male,Graduate,Medium,Yes,Yes,Good,53.2,1.7,99.4,4.6,51.3,Pass
847,Male,Graduate,Low,Yes,No,Good,50.8,5.1,66.3,7.0,48.65,Fail
848,Female,Primary,Medium,Yes,Yes,Good,58.7,5.9,57.4,8.0,47.87,Fail
849,Male,Secondary,Low,Yes,No,Good,44.3,4.0,72.0,8.3,41.94,Fail
850,Female,Graduate,High,Yes,No,Good,89.3,7.4,100.0,7.5,71.36,Pass
851,Male,Graduate,High,Yes,No,Average,53.5,1.8,47.5,5.8,29.2,Fail
852,Female,No Education,Medium,No,No,Good,74.5,5.9,59.2,,39.74,Fail
853,Male,Graduate,Low,No,Yes,Good,65.1,3.3,97.5,4.9,53.07,Pass
854,Female,No Education,Low,Yes,Yes,Good,47.2,7.9,100.0,5.5,50.88,Pass
855,Male,Graduate,Medium,Yes,No,Average,61.9,8.5,73.4,5.9,47.83,Fail
856,Male,Secondary,Medium,No,Yes,Good,73.8,3.0,56.4,6.8,48.66,Fail
857,Male,Postgraduate,High,Yes,Yes,Average,59.2,3.4,100.0,5.8,42.74,Fail
858,Male,Secondary,Low,Yes,No,Poor,79.9,,98.9,7.4,55.82,Pass
859,Female,Secondary,High,Yes,No,Average,77.3,3.7,85.2,6.7,51.44,Pass
860,Male,Primary,Medium,Yes,Yes,Poor,75.8,4.4,62.8,7.0,39.85,Fail
861,Female,Secondary,Medium,Yes,Yes,Average,55.1,4.6,74.3,8.4,51.88,Pass
862,Male,Postgraduate,Medium,No,Yes,Excellent,45.8,0.7,72.6,5.6,30.63,Fail
863,Female,Postgraduate,Low,Yes,Yes,Poor,52.8,4.5,80.0,7.5,42.46,Fail
864,Male,Secondary,Medium,Yes,No,Good,64.9,3.1,96.8,7.0,56.33,Pass
865,Male,Secondary,High,No,No,Average,70.2,,88.2,6.6,55.66,Pass
866,Female,Graduate,Medium,Yes,No,Excellent,29.4,7.4,58.8,8.1,29.18,Fail
867,Male,Postgraduate,High,Yes,Yes,Good,61.9,2.0,95.6,8.1,54.06,Pass
868,Male,Graduate,Medium,Yes,No,Average,64.4,6.1,79.7,5.9,52.04,Pass
869,Female,Secondary,Low,Yes,No,Good,57.8,3.9,85.3,6.8,58.72,Pass
870,Female,Secondary,Medium,Yes,Yes,Good,81.4,3.9,97.0,7.3,60.76,Pass
871,Male,Graduate,Medium,Yes,No,Good,68.3,6.1,58.3,6.7,46.05,Fail
872,Male,No Education,Medium,Yes,No,Average,81.7,5.2,74.5,7.7,48.97,Fail
873,Female,Graduate,Low,Yes,No,Excellent,58.8,5.6,67.0,7.3,41.36,Fail
874,Male,Secondary,Medium,Yes,No,Good,76.1,6.4,51.5,9.2,43.56,Fail
875,Male,Graduate,Low,Yes,Yes,Good,86.5,3.8,80.2,5.2,63.3,Pass
876,Male,Primary,Low,Yes,Yes,Good,81.7,3.3,100.0,6.9,58.5,Pass
877,Female,Graduate,Medium,Yes,No,Good,45.6,2.3,47.4,5.9,35.12,Fail
878,Female,Secondary,Medium,Yes,Yes,Excellent,58.2,2.8,74.5,7.7,51.62,Pass
879,Male,Graduate,High,No,Yes,Good,56.8,10.4,84.6,5.1,41.82,Fail
880,Male,Primary,Medium,Yes,No,Good,69.3,7.0,76.8,7.4,58.23,Pass
881,Male,Graduate,High,Yes,No,Average,72.3,1.8,73.3,6.2,47.92,Fail
882,Female,Graduate,Medium,No,No,Excellent,49.4,1.9,55.5,6.1,37.07,Fail
883,Male,Graduate,Medium,Yes,No,Good,63.0,5.5,78.5,5.3,45.21,Fail
884,Male,Graduate,Low,Yes,No,Average,31.7,5.6,63.6,6.4,30.67,Fail
885,Female,Graduate,High,No,No,Average,83.6,5.6,42.2,8.3,49.56,Fail
886,Male,Graduate,Medium,No,Yes,Average,54.3,4.0,92.9,7.0,60.0,Pass
887,Female,Secondary,High,Yes,Yes,Excellent,62.8,4.2,89.4,7.8,55.98,Pass
888,Male,Graduate,Medium,Yes,Yes,Average,57.4,5.2,75.8,9.0,52.92,Pass
889,Male,Secondary,Low,Yes,Yes,Good,79.2,4.7,78.4,7.3,52.98,Pass
890,Male,Primary,Medium,No,Yes,Poor,20.0,0.1,91.1,6.3,27.77,Fail
891,Female,Primary,Low,Yes,Yes,Good,61.8,4.0,78.4,7.6,42.85,Fail
892,Female,Secondary,Medium,Yes,No,Good,60.4,2.8,88.6,6.3,45.43,Fail
893,Female,Graduate,Low,No,No,Excellent,55.2,4.9,70.5,6.4,33.23,Fail
894,Male,Graduate,Medium,Yes,Yes,Good,87.9,10.5,94.7,5.2,63.82,Pass
895,Female,Graduate,High,No,No,Excellent,48.7,5.2,79.8,8.1,41.4,Fail
896,Male,Secondary,Medium,Yes,No,Good,73.6,3.9,77.9,6.5,50.04,Pass
897,Male,Secondary,High,Yes,Yes,Poor,67.3,6.3,55.9,7.2,46.47,Fail
898,Female,Primary,Medium,Yes,No,Average,80.9,5.5,79.3,,56.68,Pass
899,Male,Secondary,Medium,No,No,Good,52.0,5.3,62.5,7.5,40.33,Fail
900,Male,Secondary,High,Yes,Yes,Excellent,51.0,5.7,65.4,6.1,39.42,Fail
901,Male,Primary,High,Yes,No,Excellent,78.4,8.6,62.8,6.8,43.63,Fail
902,Male,Secondary,High,Yes,Yes,Average,68.4,2.2,59.0,8.1,40.14,Fail
903,Male,Graduate,Low,Yes,No,Average,38.8,5.4,100.0,7.9,40.97,Fail
904,Female,Graduate,Medium,No,Yes,Average,53.9,2.6,95.0,7.0,49.4,Fail
905,Male,Postgraduate,Low,Yes,No,Excellent,67.8,5.6,100.0,4.9,61.43,Pass
906,Female,Postgraduate,Medium,Yes,Yes,Excellent,74.6,2.7,56.7,10.0,50.73,Pass
907,Female,Graduate,Medium,No,No,Good,51.8,3.7,76.1,9.1,46.32,Fail
908,Male,Secondary,High,Yes,Yes,Good,20.0,3.9,55.6,7.9,26.41,Fail
909,Male,Graduate,High,Yes,No,Good,69.8,6.5,64.6,6.1,46.83,Fail
910,Male,Graduate,Medium,Yes,No,Good,43.7,6.3,61.2,6.9,35.34,Fail
911,Female,Primary,Low,No,No,Average,31.7,2.0,93.6,6.3,29.51,Fail
912,Male,Secondary,High,Yes,No,Good,20.0,4.6,69.1,8.5,35.79,Fail
913,Female,Graduate,Low,Yes,No,Poor,74.2,3.1,91.0,,52.65,Pass
914,Male,Secondary,Medium,Yes,No,Average,63.9,,84.1,6.1,43.29,Fail
915,Female,Graduate,Low,Yes,No,Excellent,58.6,4.1,100.0,6.4,47.63,Fail
916,Male,Graduate,Medium,Yes,No,Good,82.8,3.9,52.8,8.3,43.93,Fail
917,Male,Primary,High,Yes,No,Good,71.6,9.4,93.9,8.9,59.71,Pass
918,Female,Secondary,Low,Yes,Yes,Good,86.2,5.4,92.2,8.8,65.88,Pass
919,Female,Secondary,Medium,Yes,Yes,Good,41.1,1.7,60.4,7.9,31.55,Fail
920,Male,No Education,Medium,Yes,Yes,Good,61.5,3.4,90.1,6.7,37.49,Fail
921,Female,No Education,High,No,No,Excellent,37.7,6.5,80.0,4.0,39.56,Fail
922,Male,Graduate,High,No,Yes,Good,58.6,8.7,71.6,7.4,48.51,Fail
923,Female,Secondary,Low,No,No,Good,58.3,1.3,62.6,7.0,37.33,Fail
924,Female,Secondary,Low,Yes,No,Average,71.4,0.7,64.2,7.2,40.05,Fail
925,Male,Secondary,Medium,Yes,Yes,Good,62.7,8.2,100.0,7.1,58.33,Pass
926,Male,Postgraduate,Medium,Yes,No,Good,71.4,5.3,75.0,5.4,51.95,Pass
927,Male,Secondary,Medium,No,Yes,Good,72.6,2.8,86.7,7.7,51.36,Pass
928,Female,Secondary,Low,No,Yes,Good,94.3,5.6,63.1,7.8,57.86,Pass
929,Female,Postgraduate,Low,No,No,Average,57.3,0.0,63.3,7.8,35.48,Fail
930,Male,Graduate,Medium,Yes,Yes,Average,47.9,4.5,91.2,,43.98,Fail
931,Male,Primary,Low,Yes,Yes,Good,65.7,5.2,54.8,7.7,50.32,Pass
932,Female,Graduate,High,Yes,No,Excellent,50.0,6.3,68.8,6.5,46.31,Fail
933,Female,Secondary,Low,Yes,Yes,Average,84.2,2.5,75.5,6.9,56.75,Pass
934,Female,Secondary,Low,Yes,No,Good,57.8,4.7,,7.1,51.41,Pass
935,Male,Primary,High,No,No,Good,53.5,2.6,72.3,7.1,43.09,Fail
936,Male,Primary,Medium,Yes,Yes,Poor,54.9,5.0,80.9,8.2,50.48,Pass
937,Male,Graduate,Medium,Yes,Yes,Good,72.8,,85.4,7.8,45.93,Fail
938,Female,Secondary,Low,Yes,No,Good,59.6,3.7,86.0,9.5,48.68,Fail
939,Male,Secondary,Medium,No,No,Good,52.4,,60.2,9.6,38.26,Fail
940,Female,Graduate,Medium,Yes,Yes,Excellent,87.0,,70.7,7.1,63.66,Pass
941,Male,Graduate,Medium,Yes,No,Average,49.2,6.2,92.9,4.0,53.31,Pass
942,Female,Primary,High,No,Yes,Average,62.5,4.0,88.4,8.5,46.05,Fail
943,Female,Graduate,Medium,Yes,No,Excellent,71.8,4.6,54.4,6.4,47.52,Fail
944,Female,Primary,Medium,Yes,Yes,Good,37.5,1.6,80.3,,37.34,Fail
945,Male,Graduate,Medium,Yes,Yes,Good,69.2,3.9,45.3,,44.22,Fail
946,Male,Graduate,Medium,Yes,Yes,Excellent,46.2,4.4,75.7,6.5,37.05,Fail
947,Male,Postgraduate,Low,No,No,Average,74.3,9.7,100.0,7.7,64.26,Pass
948,Female,Primary,Medium,No,No,Good,47.6,2.3,,5.1,37.45,Fail
949,Female,Primary,Medium,Yes,No,Average,72.4,7.4,62.5,5.7,51.01,Pass
950,Female,Secondary,Medium,Yes,Yes,Average,78.6,6.5,86.5,7.4,53.96,Pass
951,Female,Secondary,High,Yes,Yes,Average,74.9,5.1,,7.7,49.27,Fail
952,Female,Secondary,Medium,Yes,Yes,Excellent,65.8,8.0,65.5,7.8,55.52,Pass
953,Male,Postgraduate,High,Yes,No,Average,58.5,5.2,83.9,6.1,44.0,Fail
954,Female,Secondary,Low,Yes,No,Good,53.4,5.3,65.5,5.8,37.08,Fail
955,Male,Secondary,Medium,Yes,No,Excellent,84.1,4.4,71.5,6.4,53.38,Pass
956,Male,Graduate,High,No,Yes,Good,51.5,6.9,86.2,7.3,44.8,Fail
957,Male,Secondary,Medium,Yes,No,Good,46.4,6.7,81.3,8.8,40.62,Fail
958,Male,Graduate,Medium,Yes,Yes,Good,72.0,3.2,79.0,4.5,51.18,Pass
959,Male,Primary,Low,Yes,No,Average,50.1,1.9,69.9,6.7,30.43,Fail
960,Female,Secondary,Medium,No,Yes,Good,47.7,4.1,80.6,5.4,37.51,Fail
961,Male,No Education,Low,Yes,No,Good,40.3,2.9,73.1,5.0,46.35,Fail
962,Female,Primary,High,Yes,Yes,Excellent,54.8,4.4,81.9,8.2,48.38,Fail
963,Male,Postgraduate,Medium,Yes,Yes,Excellent,60.8,7.0,67.5,7.7,44.47,Fail
964,Male,Primary,High,No,No,Excellent,65.6,3.6,72.3,7.5,47.94,Fail
965,Male,Secondary,Medium,Yes,Yes,Excellent,76.3,4.4,60.2,8.1,51.24,Pass
966,Male,Secondary,Medium,No,Yes,Good,69.9,4.6,74.5,,54.26,Pass
967,Female,Secondary,Medium,No,No,Good,59.1,6.2,,6.5,46.28,Fail
968,Male,Postgraduate,High,No,No,Excellent,59.0,0.0,58.3,9.6,42.52,Fail
969,Female,No Education,High,Yes,No,Good,69.7,3.3,78.9,6.7,38.39,Fail
970,Male,Graduate,Low,Yes,Yes,Excellent,81.1,4.9,78.2,,50.02,Pass
971,Female,Postgraduate,Medium,Yes,No,Good,63.9,6.9,86.7,7.0,54.34,Pass
972,Female,Graduate,Medium,No,No,Good,55.0,3.5,68.5,4.8,43.2,Fail
973,Female,Postgraduate,Low,Yes,Yes,Good,47.1,0.7,81.1,4.5,35.62,Fail
974,Male,Primary,Medium,Yes,No,Excellent,40.3,5.7,83.3,6.3,43.46,Fail
975,Male,Secondary,High,Yes,Yes,Average,72.0,3.2,81.7,8.3,47.84,Fail
976,Male,Secondary,Medium,Yes,Yes,Good,70.7,2.1,62.6,7.9,43.21,Fail
977,Female,Graduate,Medium,Yes,Yes,Good,70.7,3.3,77.2,,54.97,Pass
978,Male,Postgraduate,Medium,Yes,Yes,Average,60.1,4.1,80.5,5.8,52.55,Pass
979,Male,Secondary,Medium,Yes,No,Good,83.1,3.3,75.1,,47.95,Fail
980,Female,Graduate,Low,No,No,Good,54.7,0.1,43.7,5.8,26.38,Fail
981,Male,Primary,Medium,Yes,No,Good,76.3,6.3,,7.3,51.08,Pass
982,Female,Graduate,High,Yes,No,Average,61.4,7.0,,7.0,49.32,Fail
983,Male,Secondary,Medium,Yes,Yes,Good,52.9,5.8,69.6,6.8,40.53,Fail
984,Male,Postgraduate,Low,Yes,No,Good,70.9,2.2,64.1,8.6,50.64,Pass
985,Female,Graduate,Low,No,No,Good,68.1,4.1,80.6,6.2,51.32,Pass
986,Male,Secondary,Low,Yes,Yes,Average,67.4,4.5,79.7,5.4,51.82,Pass
987,Female,Primary,Medium,Yes,No,Excellent,63.2,5.7,92.9,7.0,46.24,Fail
988,Male,Primary,High,Yes,No,Good,61.4,5.8,56.1,6.5,48.71,Fail
989,Male,Secondary,Low,No,No,Good,97.8,3.0,86.0,10.0,45.73,Fail
990,Female,Secondary,High,Yes,No,Good,79.8,4.7,83.9,7.8,59.74,Pass
991,Female,Postgraduate,Medium,No,Yes,Good,72.8,5.4,72.9,6.5,56.18,Pass
992,Female,Graduate,Medium,Yes,Yes,Good,63.7,7.4,80.1,5.7,50.06,Pass
993,Male,Secondary,High,Yes,Yes,Good,77.1,5.9,90.4,4.7,64.13,Pass
994,Female,Primary,Low,Yes,No,Good,,6.1,88.1,5.8,50.71,Pass
995,Male,Postgraduate,High,No,No,Good,62.4,4.7,57.9,7.1,43.59,Fail
996,Male,Graduate,Low,Yes,No,Good,57.4,7.3,87.3,8.7,52.91,Pass
997,Female,Primary,Medium,No,Yes,Average,60.8,5.3,74.0,8.3,62.06,Pass
998,Male,Graduate,High,Yes,Yes,Good,20.0,2.8,76.1,7.3,38.23,Fail
999,Female,Secondary,High,Yes,No,Average,65.2,7.3,76.1,6.6,54.46,Pass
1000,Male,Primary,Medium,Yes,No,Average,54.7,5.9,72.7,7.3,39.89,Fail
1001,Male,Secondary,Medium,No,Yes,Excellent,85.9,3.6,92.9,6.4,59.36,Pass
1002,Female,Secondary,Medium,Yes,No,Good,62.3,3.5,73.7,9.1,41.44,Fail
1003,Female,Primary,High,No,No,Good,44.2,5.1,58.2,6.8,40.29,Fail
1004,Female,Postgraduate,Low,No,No,Good,61.3,5.4,69.1,6.9,46.73,Fail
1005,Female,Graduate,High,No,No,Excellent,46.3,4.9,77.7,4.3,36.92,Fail
1006,Female,Graduate,Medium,Yes,Yes,Good,69.1,5.1,93.4,6.8,55.54,Pass
1007,Female,Secondary,Medium,Yes,No,Good,66.4,7.9,84.0,8.0,49.67,Fail
1008,Female,Secondary,Medium,No,No,Good,76.4,6.6,62.2,5.7,50.93,Pass
1009,Male,Graduate,Medium,Yes,Yes,Excellent,50.1,4.9,100.0,6.1,45.79,Fail
1010,Male,Secondary,High,Yes,Yes,Excellent,62.5,6.4,79.0,8.0,50.59,Pass
1011,Male,Primary,Medium,Yes,No,Excellent,41.5,2.4,94.1,5.2,45.73,Fail
1012,Female,Secondary,High,Yes,Yes,Average,72.5,5.3,72.7,,50.71,Pass
1013,Female,Graduate,Low,Yes,Yes,Average,69.8,8.1,83.0,6.4,53.5,Pass
1014,Male,Secondary,Medium,Yes,No,Average,,4.1,87.6,6.5,50.35,Pass
1015,Female,Primary,High,Yes,Yes,Average,62.0,2.8,,5.7,48.47,Fail
1016,Female,Graduate,Medium,Yes,No,Excellent,68.2,3.2,90.9,7.5,46.59,Fail
1017,Male,Secondary,Medium,Yes,Yes,Poor,86.1,2.3,88.1,10.0,57.56,Pass
1018,Female,Secondary,Medium,Yes,No,Poor,57.7,2.9,70.3,7.9,48.74,Fail
1019,Female,Primary,High,Yes,Yes,Average,64.1,3.8,66.4,6.0,47.43,Fail
1020,Male,Secondary,High,Yes,Yes,Average,45.7,1.7,80.0,8.4,40.11,Fail
1021,Female,Graduate,Low,Yes,Yes,Average,49.0,4.5,89.0,6.6,49.27,Fail
1022,Male,Secondary,High,Yes,No,Excellent,63.5,6.3,71.7,,50.82,Pass
1023,Female,Secondary,Medium,Yes,No,Good,78.6,2.7,91.0,8.0,58.51,Pass
1024,Female,Postgraduate,Low,No,Yes,Poor,58.2,7.5,96.8,4.0,43.87,Fail
1025,Female,Postgraduate,High,Yes,No,Good,58.5,5.5,61.3,5.8,36.29,Fail
1026,Male,Postgraduate,Medium,No,No,Good,55.9,6.6,62.4,8.1,48.87,Fail
1027,Female,Secondary,High,Yes,No,Average,54.0,3.2,72.9,7.2,34.61,Fail
1028,Female,Secondary,Low,Yes,Yes,Good,66.4,6.2,79.6,5.8,53.27,Pass
1029,Male,Postgraduate,Low,Yes,No,Good,39.5,2.3,67.1,6.2,33.54,Fail
1030,Female,Graduate,Medium,Yes,Yes,Good,81.2,6.3,95.3,4.7,56.06,Pass
1031,Male,No Education,Low,Yes,Yes,Good,52.0,4.8,81.4,6.9,46.22,Fail
1032,Female,Primary,High,Yes,No,Poor,72.8,5.6,75.6,9.7,52.25,Pass
1033,Male,Secondary,Low,Yes,No,Excellent,43.0,2.1,53.5,8.0,42.83,Fail
1034,Male,Postgraduate,Medium,Yes,Yes,Excellent,72.0,2.7,,9.6,46.58,Fail
1035,Male,Secondary,Low,Yes,Yes,Excellent,72.1,5.7,79.2,8.1,60.01,Pass
1036,Female,Secondary,Low,No,No,Poor,67.8,2.6,43.0,8.2,39.64,Fail
1037,Male,Primary,High,Yes,No,Excellent,47.1,5.4,90.2,9.4,42.84,Fail
1038,Female,Graduate,Low,Yes,Yes,Excellent,65.7,1.8,72.6,7.5,49.41,Fail
1039,Male,Graduate,Medium,Yes,No,Excellent,44.3,6.2,100.0,6.8,51.86,Pass
1040,Male,Secondary,High,Yes,Yes,Average,58.2,2.0,100.0,8.2,49.68,Fail
1041,Female,Graduate,Medium,No,Yes,Good,77.4,5.6,72.3,,54.1,Pass
1042,Female,Postgraduate,High,Yes,No,Excellent,74.0,5.8,73.4,6.4,49.98,Fail
1043,Male,Secondary,Low,Yes,Yes,Good,62.2,3.1,89.9,6.1,45.14,Fail
1044,Female,Secondary,Low,No,Yes,Good,47.4,,100.0,7.2,51.31,Pass
1045,Female,Secondary,High,Yes,No,Excellent,71.7,5.0,50.4,8.0,43.69,Fail
1046,Female,Graduate,Medium,Yes,No,Good,62.3,3.4,48.2,8.0,39.03,Fail
1047,Male,Graduate,Medium,No,Yes,Good,27.2,2.5,65.7,5.3,31.84,Fail
1048,Male,Graduate,Medium,Yes,No,Good,,0.6,83.7,9.3,46.73,Fail
1049,Female,Graduate,Medium,Yes,No,Excellent,61.6,5.2,82.5,6.2,42.57,Fail
1050,Male,Secondary,Low,Yes,Yes,Poor,80.0,1.4,91.0,6.7,60.2,Pass
